{
	"processors": [
		"cpu",
		"gpu"
	],
	"scope": [
		"inference"
	],
	"versions": {
                "24.09": {
                        "registries": {
                                "af-south-1": "626614931356",
                                "il-central-1": "780543022126",
                                "ap-east-1": "871362719292",
                                "ap-northeast-1": "763104351884",
                                "ap-northeast-2": "763104351884",
                                "ap-northeast-3": "364406365360",
                                "ap-south-1": "763104351884",
                                "ap-southeast-1": "763104351884",
                                "ap-southeast-2": "763104351884",
                                "ap-southeast-3": "907027046896",
                                "ca-central-1": "763104351884",
                                "cn-north-1": "727897471807",
                                "cn-northwest-1": "727897471807",
                                "eu-central-1": "763104351884",
                                "eu-north-1": "763104351884",
                                "eu-west-1": "763104351884",
                                "eu-west-2": "763104351884",
                                "eu-west-3": "763104351884",
                                "eu-south-1": "692866216735",
                                "me-south-1": "217643126080",
                                "sa-east-1": "763104351884",
                                "us-east-1": "763104351884",
                                "us-east-2": "763104351884",
                                "us-west-1": "763104351884",
                                "us-west-2": "763104351884",
                                "ca-west-1": "204538143572"
                        },
                        "repository": "sagemaker-tritonserver",
                        "tag_prefix": "24.09-py3"
                },
                "24.05": {
                        "registries": {
                                "af-south-1": "626614931356",
                                "il-central-1": "780543022126",
                                "ap-east-1": "871362719292",
                                "ap-northeast-1": "763104351884",
                                "ap-northeast-2": "763104351884",
                                "ap-northeast-3": "364406365360",
                                "ap-south-1": "763104351884",
                                "ap-southeast-1": "763104351884",
                                "ap-southeast-2": "763104351884",
                                "ap-southeast-3": "907027046896",
                                "ca-central-1": "763104351884",
                                "cn-north-1": "727897471807",
                                "cn-northwest-1": "727897471807",
                                "eu-central-1": "763104351884",
                                "eu-north-1": "763104351884",
                                "eu-west-1": "763104351884",
                                "eu-west-2": "763104351884",
                                "eu-west-3": "763104351884",
                                "eu-south-1": "692866216735",
                                "me-south-1": "217643126080",
                                "sa-east-1": "763104351884",
                                "us-east-1": "763104351884",
                                "us-east-2": "763104351884",
                                "us-west-1": "763104351884",
                                "us-west-2": "763104351884",
                                "ca-west-1": "204538143572"
                        },
                        "repository": "sagemaker-tritonserver",
                        "tag_prefix": "24.05-py3"
                },
		"24.03": {
			"registries": {
				"af-south-1": "626614931356",
				"il-central-1": "780543022126",
				"ap-east-1": "871362719292",
				"ap-northeast-1": "763104351884",
				"ap-northeast-2": "763104351884",
				"ap-northeast-3": "364406365360",
				"ap-south-1": "763104351884",
				"ap-southeast-1": "763104351884",
				"ap-southeast-2": "763104351884",
				"ap-southeast-3": "907027046896",
				"ca-central-1": "763104351884",
				"cn-north-1": "727897471807",
				"cn-northwest-1": "727897471807",
				"eu-central-1": "763104351884",
				"eu-north-1": "763104351884",
				"eu-west-1": "763104351884",
				"eu-west-2": "763104351884",
				"eu-west-3": "763104351884",
				"eu-south-1": "692866216735",
				"me-south-1": "217643126080",
				"sa-east-1": "763104351884",
				"us-east-1": "763104351884",
				"us-east-2": "763104351884",
				"us-west-1": "763104351884",
				"us-west-2": "763104351884",
				"ca-west-1": "204538143572"
			},
			"repository": "sagemaker-tritonserver",
			"tag_prefix": "24.03-py3"
		},
		"24.01": {
			"registries": {
				"af-south-1": "626614931356",
				"il-central-1": "780543022126",
				"ap-east-1": "871362719292",
				"ap-northeast-1": "763104351884",
				"ap-northeast-2": "763104351884",
				"ap-northeast-3": "364406365360",
				"ap-south-1": "763104351884",
				"ap-southeast-1": "763104351884",
				"ap-southeast-2": "763104351884",
				"ap-southeast-3": "907027046896",
				"ca-central-1": "763104351884",
				"cn-north-1": "727897471807",
				"cn-northwest-1": "727897471807",
				"eu-central-1": "763104351884",
				"eu-north-1": "763104351884",
				"eu-west-1": "763104351884",
				"eu-west-2": "763104351884",
				"eu-west-3": "763104351884",
				"eu-south-1": "692866216735",
				"me-south-1": "217643126080",
				"sa-east-1": "763104351884",
				"us-east-1": "763104351884",
				"us-east-2": "763104351884",
				"us-west-1": "763104351884",
				"us-west-2": "763104351884",
				"ca-west-1": "204538143572"
			},
			"repository": "sagemaker-tritonserver",
			"tag_prefix": "24.01-py3"
		},
		"23.12": {
			"registries": {
				"af-south-1": "626614931356",
				"il-central-1": "780543022126",
				"ap-east-1": "871362719292",
				"ap-northeast-1": "763104351884",
				"ap-northeast-2": "763104351884",
				"ap-northeast-3": "364406365360",
				"ap-south-1": "763104351884",
				"ap-southeast-1": "763104351884",
				"ap-southeast-2": "763104351884",
				"ap-southeast-3": "907027046896",
				"ca-central-1": "763104351884",
				"cn-north-1": "727897471807",
				"cn-northwest-1": "727897471807",
				"eu-central-1": "763104351884",
				"eu-north-1": "763104351884",
				"eu-west-1": "763104351884",
				"eu-west-2": "763104351884",
				"eu-west-3": "763104351884",
				"eu-south-1": "692866216735",
				"me-south-1": "217643126080",
				"sa-east-1": "763104351884",
				"us-east-1": "763104351884",
				"us-east-2": "763104351884",
				"us-west-1": "763104351884",
				"us-west-2": "763104351884",
				"ca-west-1": "204538143572"
			},
			"repository": "sagemaker-tritonserver",
			"tag_prefix": "23.12-py3"
		}
	}
}
