{
    "scope": [
        "inference"
    ],
    "version_aliases": {
        "latest": "0.29.0"
    },
    "versions": {
        "0.29.0": {
            "registries": {
                "ap-northeast-1": "763104351884",
                "ap-south-1": "763104351884",
                "ap-southeast-1": "763104351884",
                "ap-southeast-2": "763104351884",
                "ap-southeast-5": "550225433462",
                "ap-southeast-7": "590183813437",
                "cn-north-1": "727897471807",
                "cn-northwest-1": "727897471807",
                "eu-central-1": "763104351884",
                "eu-central-2": "380420809688",
                "eu-west-1": "763104351884",
                "eu-west-3": "763104351884",
                "mx-central-1":"637423239942",
                "sa-east-1": "763104351884",
                "us-east-1": "763104351884",
                "us-east-2": "763104351884",
                "us-gov-east-1": "446045086412",
                "us-gov-west-1": "442386744353",
                "us-west-2": "763104351884",
                "ca-west-1": "204538143572"
            },
            "repository": "djl-inference",
            "tag_prefix": "0.29.0-neuronx-sdk2.19.1"
        },
        "0.28.0": {
            "registries": {
                "ap-northeast-1": "763104351884",
                "ap-south-1": "763104351884",
                "ap-southeast-1": "763104351884",
                "ap-southeast-2": "763104351884",
                "ap-southeast-5": "550225433462",
                "ap-southeast-7": "590183813437",
                "cn-north-1": "727897471807",
                "cn-northwest-1": "727897471807",
                "eu-central-1": "763104351884",
                "eu-central-2": "380420809688",
                "eu-west-1": "763104351884",
                "eu-west-3": "763104351884",
                "mx-central-1":"637423239942",
                "sa-east-1": "763104351884",
                "us-east-1": "763104351884",
                "us-east-2": "763104351884",
                "us-gov-east-1": "446045086412",
                "us-gov-west-1": "442386744353",
                "us-west-2": "763104351884",
                "ca-west-1": "204538143572"
            },
            "repository": "djl-inference",
            "tag_prefix": "0.28.0-neuronx-sdk2.18.2"
        },
         "0.27.0": {
            "registries": {
                "ap-northeast-1": "763104351884",
                "ap-south-1": "763104351884",
                "ap-southeast-1": "763104351884",
                "ap-southeast-2": "763104351884",
                "ap-southeast-5": "550225433462",
                "ap-southeast-7": "590183813437",
                "cn-north-1": "727897471807",
                "cn-northwest-1": "727897471807",
                "eu-central-1": "763104351884",
                "eu-central-2": "380420809688",
                "eu-west-1": "763104351884",
                "eu-west-3": "763104351884",
                "mx-central-1":"637423239942",
                "sa-east-1": "763104351884",
                "us-east-1": "763104351884",
                "us-east-2": "763104351884",
                "us-gov-east-1": "446045086412",
                "us-gov-west-1": "442386744353",
                "us-west-2": "763104351884",
                "ca-west-1": "204538143572"
            },
            "repository": "djl-inference",
            "tag_prefix": "0.27.0-neuronx-sdk2.18.1"
        },
         "0.26.0": {
            "registries": {
                "ap-northeast-1": "763104351884",
                "ap-south-1": "763104351884",
                "ap-southeast-1": "763104351884",
                "ap-southeast-2": "763104351884",
                "ap-southeast-5": "550225433462",
                "ap-southeast-7": "590183813437",
                "cn-north-1": "727897471807",
                "cn-northwest-1": "727897471807",
                "eu-central-1": "763104351884",
                "eu-central-2": "380420809688",
                "eu-west-1": "763104351884",
                "eu-west-3": "763104351884",
                "mx-central-1":"637423239942",
                "sa-east-1": "763104351884",
                "us-east-1": "763104351884",
                "us-east-2": "763104351884",
                "us-gov-east-1": "446045086412",
                "us-gov-west-1": "442386744353",
                "us-west-2": "763104351884",
                "ca-west-1": "204538143572"
            },
            "repository": "djl-inference",
            "tag_prefix": "0.26.0-neuronx-sdk2.16.0"
        },
        "0.25.0": {
            "registries": {
                "ap-northeast-1": "763104351884",
                "ap-south-1": "763104351884",
                "ap-southeast-1": "763104351884",
                "ap-southeast-2": "763104351884",
                "ap-southeast-5": "550225433462",
                "ap-southeast-7": "590183813437",
                "cn-north-1": "727897471807",
                "cn-northwest-1": "727897471807",
                "eu-central-1": "763104351884",
                "eu-central-2": "380420809688",
                "eu-west-1": "763104351884",
                "eu-west-3": "763104351884",
                "mx-central-1":"637423239942",
                "sa-east-1": "763104351884",
                "us-east-1": "763104351884",
                "us-east-2": "763104351884",
                "us-gov-east-1": "446045086412",
                "us-gov-west-1": "442386744353",
                "us-west-2": "763104351884",
                "ca-west-1": "204538143572"
            },
            "repository": "djl-inference",
            "tag_prefix": "0.25.0-neuronx-sdk2.15.0"
        },
        "0.24.0": {
            "registries": {
                "ap-northeast-1": "763104351884",
                "ap-south-1": "763104351884",
                "ap-southeast-1": "763104351884",
                "ap-southeast-2": "763104351884",
                "ap-southeast-5": "550225433462",
                "ap-southeast-7": "590183813437",
                "cn-north-1": "727897471807",
                "cn-northwest-1": "727897471807",
                "eu-central-1": "763104351884",
                "eu-central-2": "380420809688",
                "eu-west-1": "763104351884",
                "eu-west-3": "763104351884",
                "mx-central-1":"637423239942",
                "sa-east-1": "763104351884",
                "us-east-1": "763104351884",
                "us-east-2": "763104351884",
                "us-gov-east-1": "446045086412",
                "us-gov-west-1": "442386744353",
                "us-west-2": "763104351884",
                "ca-west-1": "204538143572"
            },
            "repository": "djl-inference",
            "tag_prefix": "0.24.0-neuronx-sdk2.14.1"
        },
        "0.23.0": {
            "registries": {
                "ap-northeast-1": "763104351884",
                "ap-south-1": "763104351884",
                "ap-southeast-1": "763104351884",
                "ap-southeast-2": "763104351884",
                "ap-southeast-5": "550225433462",
                "ap-southeast-7": "590183813437",
                "cn-north-1": "727897471807",
                "cn-northwest-1": "727897471807",
                "eu-central-1": "763104351884",
                "eu-central-2": "380420809688",
                "eu-west-1": "763104351884",
                "eu-west-3": "763104351884",
                "mx-central-1":"637423239942",
                "sa-east-1": "763104351884",
                "us-east-1": "763104351884",
                "us-east-2": "763104351884",
                "us-gov-east-1": "446045086412",
                "us-gov-west-1": "442386744353",
                "us-west-2": "763104351884",
                "ca-west-1": "204538143572"
            },
            "repository": "djl-inference",
            "tag_prefix": "0.23.0-neuronx-sdk2.12.0"
        },
        "0.22.1": {
            "registries": {
                "ap-northeast-1": "763104351884",
                "ap-south-1": "763104351884",
                "ap-southeast-1": "763104351884",
                "ap-southeast-2": "763104351884",
                "ap-southeast-5": "550225433462",
                "ap-southeast-7": "590183813437",
                "cn-north-1": "727897471807",
                "cn-northwest-1": "727897471807",
                "eu-central-1": "763104351884",
                "eu-central-2": "380420809688",
                "eu-west-1": "763104351884",
                "eu-west-3": "763104351884",
                "mx-central-1":"637423239942",
                "sa-east-1": "763104351884",
                "us-east-1": "763104351884",
                "us-east-2": "763104351884",
                "us-gov-east-1": "446045086412",
                "us-gov-west-1": "442386744353",
                "us-west-2": "763104351884",
                "ca-west-1": "204538143572"
            },
            "repository": "djl-inference",
            "tag_prefix": "0.22.1-neuronx-sdk2.10.0"
        }
    }
}