{
    "training": {
        "processors": [
            "trn"
        ],
        "version_aliases": {
            "1.11": "1.11.0"
        },
        "versions": {
            "1.11.0": {
                "py_versions": [
                    "py38"
                ],
                "repository": "pytorch-training-neuron",
                "registries": {
                    "ap-northeast-1": "763104351884",
                    "ap-south-1": "763104351884",
                    "ap-south-2": "772153158452",
                    "ap-southeast-1": "763104351884",
                    "ap-southeast-2": "763104351884",
                    "ap-southeast-4": "457447274322",
                    "eu-central-1": "763104351884",
                    "eu-central-2": "380420809688",
                    "eu-south-2": "503227376785",
                    "eu-west-1": "763104351884",
                    "eu-west-3": "763104351884",
                    "il-central-1": "780543022126",
                    "sa-east-1": "763104351884",
                    "us-east-1": "763104351884",
                    "us-east-2": "763104351884",
                    "us-west-2": "763104351884",
                    "ca-west-1": "204538143572"
                },
                "container_version": {
                    "trn": "ubuntu20.04"
                },
                "sdk_versions": [
                    "sdk2.4.0"
                ]
            }
        }
    }
}