{
    "scope": [
        "inference"
    ],
    "versions": {
        "0.24.0": {
            "registries": {
                "af-south-1": "626614931356",
                "il-central-1": "780543022126",
                "ap-east-1": "871362719292",
                "ap-northeast-1": "763104351884",
                "ap-northeast-2": "763104351884",
                "ap-northeast-3": "364406365360",
                "ap-south-1": "763104351884",
                "ap-southeast-1": "763104351884",
                "ap-southeast-2": "763104351884",
                "ap-southeast-3": "907027046896",
                "ca-central-1": "763104351884",
                "cn-north-1": "727897471807",
                "cn-northwest-1": "727897471807",
                "eu-central-1": "763104351884",
                "eu-north-1": "763104351884",
                "eu-west-1": "763104351884",
                "eu-west-2": "763104351884",
                "eu-west-3": "763104351884",
                "eu-south-1": "692866216735",
                "me-south-1": "217643126080",
                "sa-east-1": "763104351884",
                "us-east-1": "763104351884",
                "us-east-2": "763104351884",
                "us-west-1": "763104351884",
                "us-west-2": "763104351884",
                "ca-west-1": "204538143572"
            },
            "repository": "djl-inference",
            "tag_prefix": "0.24.0-fastertransformer5.3.0-cu118"
        },
        "0.23.0": {
            "registries": {
                "af-south-1": "626614931356",
                "il-central-1": "780543022126",
                "ap-east-1": "871362719292",
                "ap-northeast-1": "763104351884",
                "ap-northeast-2": "763104351884",
                "ap-northeast-3": "364406365360",
                "ap-south-1": "763104351884",
                "ap-southeast-1": "763104351884",
                "ap-southeast-2": "763104351884",
                "ap-southeast-3": "907027046896",
                "ca-central-1": "763104351884",
                "cn-north-1": "727897471807",
                "cn-northwest-1": "727897471807",
                "eu-central-1": "763104351884",
                "eu-north-1": "763104351884",
                "eu-west-1": "763104351884",
                "eu-west-2": "763104351884",
                "eu-west-3": "763104351884",
                "eu-south-1": "692866216735",
                "me-south-1": "217643126080",
                "sa-east-1": "763104351884",
                "us-east-1": "763104351884",
                "us-east-2": "763104351884",
                "us-west-1": "763104351884",
                "us-west-2": "763104351884",
                "ca-west-1": "204538143572"
            },
            "repository": "djl-inference",
            "tag_prefix": "0.23.0-fastertransformer5.3.0-cu118"
        },
        "0.22.1": {
            "registries": {
                "af-south-1": "626614931356",
                "il-central-1": "780543022126",
                "ap-east-1": "871362719292",
                "ap-northeast-1": "763104351884",
                "ap-northeast-2": "763104351884",
                "ap-northeast-3": "364406365360",
                "ap-south-1": "763104351884",
                "ap-southeast-1": "763104351884",
                "ap-southeast-2": "763104351884",
                "ap-southeast-3": "907027046896",
                "ca-central-1": "763104351884",
                "cn-north-1": "727897471807",
                "cn-northwest-1": "727897471807",
                "eu-central-1": "763104351884",
                "eu-north-1": "763104351884",
                "eu-west-1": "763104351884",
                "eu-west-2": "763104351884",
                "eu-west-3": "763104351884",
                "eu-south-1": "692866216735",
                "me-south-1": "217643126080",
                "sa-east-1": "763104351884",
                "us-east-1": "763104351884",
                "us-east-2": "763104351884",
                "us-west-1": "763104351884",
                "us-west-2": "763104351884",
                "ca-west-1": "204538143572"
            },
            "repository": "djl-inference",
            "tag_prefix": "0.22.1-fastertransformer5.3.0-cu118"
        },
        "0.21.0": {
            "registries": {
                "af-south-1": "626614931356",
                "il-central-1": "780543022126",
                "ap-east-1": "871362719292",
                "ap-northeast-1": "763104351884",
                "ap-northeast-2": "763104351884",
                "ap-northeast-3": "364406365360",
                "ap-south-1": "763104351884",
                "ap-southeast-1": "763104351884",
                "ap-southeast-2": "763104351884",
                "ap-southeast-3": "907027046896",
                "ca-central-1": "763104351884",
                "cn-north-1": "727897471807",
                "cn-northwest-1": "727897471807",
                "eu-central-1": "763104351884",
                "eu-north-1": "763104351884",
                "eu-west-1": "763104351884",
                "eu-west-2": "763104351884",
                "eu-west-3": "763104351884",
                "eu-south-1": "692866216735",
                "me-south-1": "217643126080",
                "sa-east-1": "763104351884",
                "us-east-1": "763104351884",
                "us-east-2": "763104351884",
                "us-west-1": "763104351884",
                "us-west-2": "763104351884",
                "ca-west-1": "204538143572"
            },
            "repository": "djl-inference",
            "tag_prefix": "0.21.0-fastertransformer5.3.0-cu117"
        }
    }
}