{
    "processors": ["cpu", "gpu"],
    "scope": ["training"],
    "versions": {
        "0.5": {
            "py_versions": ["py3"],
            "registries": {
                "af-south-1": "313743910680",
                "ap-east-1": "057415533634",
                "ap-northeast-1": "520713654638",
                "ap-northeast-2": "520713654638",
                "ap-south-1": "520713654638",
                "ap-southeast-1": "520713654638",
                "ap-southeast-2": "520713654638",
                "ca-central-1": "520713654638",
                "cn-north-1": "422961961927",
                "cn-northwest-1": "423003514399",
                "eu-central-1": "520713654638",
                "eu-north-1": "520713654638",
                "eu-south-1": "048378556238",
                "eu-west-1": "520713654638",
                "eu-west-2": "520713654638",
                "eu-west-3": "520713654638",
                "me-south-1": "724002660598",
                "sa-east-1": "520713654638",
                "us-east-1": "520713654638",
                "us-east-2": "520713654638",
                "us-gov-west-1": "246785580436",
                "us-iso-east-1": "744548109606",
                "us-isob-east-1": "453391408702",
                "us-west-1": "520713654638",
                "us-west-2": "520713654638"
            },
            "repository": "sagemaker-rl-tensorflow",
            "tag_prefix": "ray0.5"
        },
        "0.5.3": {
            "py_versions": ["py3"],
            "registries": {
                "af-south-1": "313743910680",
                "ap-east-1": "057415533634",
                "ap-northeast-1": "520713654638",
                "ap-northeast-2": "520713654638",
                "ap-south-1": "520713654638",
                "ap-southeast-1": "520713654638",
                "ap-southeast-2": "520713654638",
                "ca-central-1": "520713654638",
                "cn-north-1": "422961961927",
                "cn-northwest-1": "423003514399",
                "eu-central-1": "520713654638",
                "eu-north-1": "520713654638",
                "eu-south-1": "048378556238",
                "eu-west-1": "520713654638",
                "eu-west-2": "520713654638",
                "eu-west-3": "520713654638",
                "me-south-1": "724002660598",
                "sa-east-1": "520713654638",
                "us-east-1": "520713654638",
                "us-east-2": "520713654638",
                "us-gov-west-1": "246785580436",
                "us-iso-east-1": "744548109606",
                "us-isob-east-1": "453391408702",
                "us-west-1": "520713654638",
                "us-west-2": "520713654638"
            },
            "repository": "sagemaker-rl-tensorflow",
            "tag_prefix": "ray0.5.3"
        },
        "0.6": {
            "py_versions": ["py3"],
            "registries": {
                "af-south-1": "313743910680",
                "ap-east-1": "057415533634",
                "ap-northeast-1": "520713654638",
                "ap-northeast-2": "520713654638",
                "ap-south-1": "520713654638",
                "ap-southeast-1": "520713654638",
                "ap-southeast-2": "520713654638",
                "ca-central-1": "520713654638",
                "cn-north-1": "422961961927",
                "cn-northwest-1": "423003514399",
                "eu-central-1": "520713654638",
                "eu-north-1": "520713654638",
                "eu-south-1": "048378556238",
                "eu-west-1": "520713654638",
                "eu-west-2": "520713654638",
                "eu-west-3": "520713654638",
                "me-south-1": "724002660598",
                "sa-east-1": "520713654638",
                "us-east-1": "520713654638",
                "us-east-2": "520713654638",
                "us-gov-west-1": "246785580436",
                "us-iso-east-1": "744548109606",
                "us-isob-east-1": "453391408702",
                "us-west-1": "520713654638",
                "us-west-2": "520713654638"
            },
            "repository": "sagemaker-rl-tensorflow",
            "tag_prefix": "ray0.6"
        },
        "0.6.5": {
            "py_versions": ["py3"],
            "registries": {
                "af-south-1": "313743910680",
                "ap-east-1": "057415533634",
                "ap-northeast-1": "520713654638",
                "ap-northeast-2": "520713654638",
                "ap-south-1": "520713654638",
                "ap-southeast-1": "520713654638",
                "ap-southeast-2": "520713654638",
                "ca-central-1": "520713654638",
                "cn-north-1": "422961961927",
                "cn-northwest-1": "423003514399",
                "eu-central-1": "520713654638",
                "eu-north-1": "520713654638",
                "eu-south-1": "048378556238",
                "eu-west-1": "520713654638",
                "eu-west-2": "520713654638",
                "eu-west-3": "520713654638",
                "me-south-1": "724002660598",
                "sa-east-1": "520713654638",
                "us-east-1": "520713654638",
                "us-east-2": "520713654638",
                "us-gov-west-1": "246785580436",
                "us-iso-east-1": "744548109606",
                "us-isob-east-1": "453391408702",
                "us-west-1": "520713654638",
                "us-west-2": "520713654638"
            },
            "repository": "sagemaker-rl-tensorflow",
            "tag_prefix": "ray0.6.5"
        },
        "0.8.2": {
            "py_versions": ["py36"],
            "registries": {
                "ap-northeast-1": "462105765813",
                "ap-northeast-2": "462105765813",
                "ap-south-1": "462105765813",
                "ap-southeast-1": "462105765813",
                "ap-southeast-2": "462105765813",
                "ca-central-1": "462105765813",
                "eu-central-1": "462105765813",
                "eu-west-1": "462105765813",
                "eu-west-2": "462105765813",
                "us-east-1": "462105765813",
                "us-east-2": "462105765813",
                "us-west-1": "462105765813",
                "us-west-2": "462105765813"
            },
            "repository": "sagemaker-rl-ray-container",
            "tag_prefix": "ray-0.8.2-tf"
        },
        "0.8.5": {
            "py_versions": ["py36"],
            "registries": {
                "ap-northeast-1": "462105765813",
                "ap-northeast-2": "462105765813",
                "ap-south-1": "462105765813",
                "ap-southeast-1": "462105765813",
                "ap-southeast-2": "462105765813",
                "ca-central-1": "462105765813",
                "eu-central-1": "462105765813",
                "eu-west-1": "462105765813",
                "eu-west-2": "462105765813",
                "us-east-1": "462105765813",
                "us-east-2": "462105765813",
                "us-west-1": "462105765813",
                "us-west-2": "462105765813"
            },
            "repository": "sagemaker-rl-ray-container",
            "tag_prefix": "ray-0.8.5-tf"
        },
        "1.6.0": {
            "py_versions": ["py37"],
            "registries": {
                "ap-northeast-1": "462105765813",
                "ap-northeast-2": "462105765813",
                "ap-south-1": "462105765813",
                "ap-southeast-1": "462105765813",
                "ap-southeast-2": "462105765813",
                "ca-central-1": "462105765813",
                "eu-central-1": "462105765813",
                "eu-west-1": "462105765813",
                "eu-west-2": "462105765813",
                "us-east-1": "462105765813",
                "us-east-2": "462105765813",
                "us-west-1": "462105765813",
                "us-west-2": "462105765813"
            },
            "repository": "sagemaker-rl-ray-container",
            "tag_prefix": "ray-1.6.0-tf"
        }
    }
}
