{
    "af-south-1": {
        "ml.p5.48xlarge": {"Count": 8, "TotalGpuMemoryInMiB": 655360},
        "ml.p4d.24xlarge": {"Count": 8, "TotalGpuMemoryInMiB": 327680},
        "ml.p4de.24xlarge": {"Count": 8, "TotalGpuMemoryInMiB": 655360},
        "ml.p3.2xlarge": {"Count": 1, "TotalGpuMemoryInMiB": 16384},
        "ml.p3.8xlarge": {"Count": 4, "TotalGpuMemoryInMiB": 65536},
        "ml.p3.16xlarge": {"Count": 8, "TotalGpuMemoryInMiB": 131072},
        "ml.p3dn.24xlarge": {"Count": 8, "TotalGpuMemoryInMiB": 262144},
        "ml.p2.xlarge": {"Count": 1, "TotalGpuMemoryInMiB": 12288},
        "ml.p2.8xlarge": {"Count": 8, "TotalGpuMemoryInMiB": 98304},
        "ml.p2.16xlarge": {"Count": 16, "TotalGpuMemoryInMiB": 196608},
        "ml.g4dn.xlarge": {"Count": 1, "TotalGpuMemoryInMiB": 16384},
        "ml.g4dn.2xlarge": {"Count": 1, "TotalGpuMemoryInMiB": 16384},
        "ml.g4dn.4xlarge": {"Count": 1, "TotalGpuMemoryInMiB": 16384},
        "ml.g4dn.8xlarge": {"Count": 1, "TotalGpuMemoryInMiB": 16384},
        "ml.g4dn.16xlarge": {"Count": 1, "TotalGpuMemoryInMiB": 16384},
        "ml.g4dn.12xlarge": {"Count": 4, "TotalGpuMemoryInMiB": 65536},
        "ml.g5n.xlarge": {"Count": 1, "TotalGpuMemoryInMiB": 24576},
        "ml.g5.2xlarge": {"Count": 1, "TotalGpuMemoryInMiB": 24576},
        "ml.g5.4xlarge": {"Count": 1, "TotalGpuMemoryInMiB": 24576},
        "ml.g5.8xlarge": {"Count": 1, "TotalGpuMemoryInMiB": 24576},
        "ml.g5.16xlarge": {"Count": 1, "TotalGpuMemoryInMiB": 24576},
        "ml.g5.12xlarge": {"Count": 4, "TotalGpuMemoryInMiB": 98304},
        "ml.g5.24xlarge": {"Count": 4, "TotalGpuMemoryInMiB": 98304},
        "ml.g5.48xlarge": {"Count": 8, "TotalGpuMemoryInMiB": 183104}
    },
    "ap-east-1": {
        "ml.p5.48xlarge": {"Count": 8, "TotalGpuMemoryInMiB": 655360},
        "ml.p4d.24xlarge": {"Count": 8, "TotalGpuMemoryInMiB": 327680},
        "ml.p4de.24xlarge": {"Count": 8, "TotalGpuMemoryInMiB": 655360},
        "ml.p3.2xlarge": {"Count": 1, "TotalGpuMemoryInMiB": 16384},
        "ml.p3.8xlarge": {"Count": 4, "TotalGpuMemoryInMiB": 65536},
        "ml.p3.16xlarge": {"Count": 8, "TotalGpuMemoryInMiB": 131072},
        "ml.p3dn.24xlarge": {"Count": 8, "TotalGpuMemoryInMiB": 262144},
        "ml.p2.xlarge": {"Count": 1, "TotalGpuMemoryInMiB": 12288},
        "ml.p2.8xlarge": {"Count": 8, "TotalGpuMemoryInMiB": 98304},
        "ml.p2.16xlarge": {"Count": 16, "TotalGpuMemoryInMiB": 196608},
        "ml.g4dn.xlarge": {"Count": 1, "TotalGpuMemoryInMiB": 16384},
        "ml.g4dn.2xlarge": {"Count": 1, "TotalGpuMemoryInMiB": 16384},
        "ml.g4dn.4xlarge": {"Count": 1, "TotalGpuMemoryInMiB": 16384},
        "ml.g4dn.8xlarge": {"Count": 1, "TotalGpuMemoryInMiB": 16384},
        "ml.g4dn.16xlarge": {"Count": 1, "TotalGpuMemoryInMiB": 16384},
        "ml.g4dn.12xlarge": {"Count": 4, "TotalGpuMemoryInMiB": 65536},
        "ml.g5n.xlarge": {"Count": 1, "TotalGpuMemoryInMiB": 24576},
        "ml.g5.2xlarge": {"Count": 1, "TotalGpuMemoryInMiB": 24576},
        "ml.g5.4xlarge": {"Count": 1, "TotalGpuMemoryInMiB": 24576},
        "ml.g5.8xlarge": {"Count": 1, "TotalGpuMemoryInMiB": 24576},
        "ml.g5.16xlarge": {"Count": 1, "TotalGpuMemoryInMiB": 24576},
        "ml.g5.12xlarge": {"Count": 4, "TotalGpuMemoryInMiB": 98304},
        "ml.g5.24xlarge": {"Count": 4, "TotalGpuMemoryInMiB": 98304},
        "ml.g5.48xlarge": {"Count": 8, "TotalGpuMemoryInMiB": 183104}
    },
    "ap-northeast-1": {
        "ml.p5.48xlarge": {"Count": 8, "TotalGpuMemoryInMiB": 655360},
        "ml.p4d.24xlarge": {"Count": 8, "TotalGpuMemoryInMiB": 327680},
        "ml.p4de.24xlarge": {"Count": 8, "TotalGpuMemoryInMiB": 655360},
        "ml.p3.2xlarge": {"Count": 1, "TotalGpuMemoryInMiB": 16384},
        "ml.p3.8xlarge": {"Count": 4, "TotalGpuMemoryInMiB": 65536},
        "ml.p3.16xlarge": {"Count": 8, "TotalGpuMemoryInMiB": 131072},
        "ml.p3dn.24xlarge": {"Count": 8, "TotalGpuMemoryInMiB": 262144},
        "ml.p2.xlarge": {"Count": 1, "TotalGpuMemoryInMiB": 12288},
        "ml.p2.8xlarge": {"Count": 8, "TotalGpuMemoryInMiB": 98304},
        "ml.p2.16xlarge": {"Count": 16, "TotalGpuMemoryInMiB": 196608},
        "ml.g4dn.xlarge": {"Count": 1, "TotalGpuMemoryInMiB": 16384},
        "ml.g4dn.2xlarge": {"Count": 1, "TotalGpuMemoryInMiB": 16384},
        "ml.g4dn.4xlarge": {"Count": 1, "TotalGpuMemoryInMiB": 16384},
        "ml.g4dn.8xlarge": {"Count": 1, "TotalGpuMemoryInMiB": 16384},
        "ml.g4dn.16xlarge": {"Count": 1, "TotalGpuMemoryInMiB": 16384},
        "ml.g4dn.12xlarge": {"Count": 4, "TotalGpuMemoryInMiB": 65536},
        "ml.g5n.xlarge": {"Count": 1, "TotalGpuMemoryInMiB": 24576},
        "ml.g5.2xlarge": {"Count": 1, "TotalGpuMemoryInMiB": 24576},
        "ml.g5.4xlarge": {"Count": 1, "TotalGpuMemoryInMiB": 24576},
        "ml.g5.8xlarge": {"Count": 1, "TotalGpuMemoryInMiB": 24576},
        "ml.g5.16xlarge": {"Count": 1, "TotalGpuMemoryInMiB": 24576},
        "ml.g5.12xlarge": {"Count": 4, "TotalGpuMemoryInMiB": 98304},
        "ml.g5.24xlarge": {"Count": 4, "TotalGpuMemoryInMiB": 98304},
        "ml.g5.48xlarge": {"Count": 8, "TotalGpuMemoryInMiB": 183104}
    },
    "ap-northeast-2": {
        "ml.p5.48xlarge": {"Count": 8, "TotalGpuMemoryInMiB": 655360},
        "ml.p4d.24xlarge": {"Count": 8, "TotalGpuMemoryInMiB": 327680},
        "ml.p4de.24xlarge": {"Count": 8, "TotalGpuMemoryInMiB": 655360},
        "ml.p3.2xlarge": {"Count": 1, "TotalGpuMemoryInMiB": 16384},
        "ml.p3.8xlarge": {"Count": 4, "TotalGpuMemoryInMiB": 65536},
        "ml.p3.16xlarge": {"Count": 8, "TotalGpuMemoryInMiB": 131072},
        "ml.p3dn.24xlarge": {"Count": 8, "TotalGpuMemoryInMiB": 262144},
        "ml.p2.xlarge": {"Count": 1, "TotalGpuMemoryInMiB": 12288},
        "ml.p2.8xlarge": {"Count": 8, "TotalGpuMemoryInMiB": 98304},
        "ml.p2.16xlarge": {"Count": 16, "TotalGpuMemoryInMiB": 196608},
        "ml.g4dn.xlarge": {"Count": 1, "TotalGpuMemoryInMiB": 16384},
        "ml.g4dn.2xlarge": {"Count": 1, "TotalGpuMemoryInMiB": 16384},
        "ml.g4dn.4xlarge": {"Count": 1, "TotalGpuMemoryInMiB": 16384},
        "ml.g4dn.8xlarge": {"Count": 1, "TotalGpuMemoryInMiB": 16384},
        "ml.g4dn.16xlarge": {"Count": 1, "TotalGpuMemoryInMiB": 16384},
        "ml.g4dn.12xlarge": {"Count": 4, "TotalGpuMemoryInMiB": 65536},
        "ml.g5n.xlarge": {"Count": 1, "TotalGpuMemoryInMiB": 24576},
        "ml.g5.2xlarge": {"Count": 1, "TotalGpuMemoryInMiB": 24576},
        "ml.g5.4xlarge": {"Count": 1, "TotalGpuMemoryInMiB": 24576},
        "ml.g5.8xlarge": {"Count": 1, "TotalGpuMemoryInMiB": 24576},
        "ml.g5.16xlarge": {"Count": 1, "TotalGpuMemoryInMiB": 24576},
        "ml.g5.12xlarge": {"Count": 4, "TotalGpuMemoryInMiB": 98304},
        "ml.g5.24xlarge": {"Count": 4, "TotalGpuMemoryInMiB": 98304},
        "ml.g5.48xlarge": {"Count": 8, "TotalGpuMemoryInMiB": 183104}
    },
    "ap-northeast-3": {
        "ml.p5.48xlarge": {"Count": 8, "TotalGpuMemoryInMiB": 655360},
        "ml.p4d.24xlarge": {"Count": 8, "TotalGpuMemoryInMiB": 327680},
        "ml.p4de.24xlarge": {"Count": 8, "TotalGpuMemoryInMiB": 655360},
        "ml.p3.2xlarge": {"Count": 1, "TotalGpuMemoryInMiB": 16384},
        "ml.p3.8xlarge": {"Count": 4, "TotalGpuMemoryInMiB": 65536},
        "ml.p3.16xlarge": {"Count": 8, "TotalGpuMemoryInMiB": 131072},
        "ml.p3dn.24xlarge": {"Count": 8, "TotalGpuMemoryInMiB": 262144},
        "ml.p2.xlarge": {"Count": 1, "TotalGpuMemoryInMiB": 12288},
        "ml.p2.8xlarge": {"Count": 8, "TotalGpuMemoryInMiB": 98304},
        "ml.p2.16xlarge": {"Count": 16, "TotalGpuMemoryInMiB": 196608},
        "ml.g4dn.xlarge": {"Count": 1, "TotalGpuMemoryInMiB": 16384},
        "ml.g4dn.2xlarge": {"Count": 1, "TotalGpuMemoryInMiB": 16384},
        "ml.g4dn.4xlarge": {"Count": 1, "TotalGpuMemoryInMiB": 16384},
        "ml.g4dn.8xlarge": {"Count": 1, "TotalGpuMemoryInMiB": 16384},
        "ml.g4dn.16xlarge": {"Count": 1, "TotalGpuMemoryInMiB": 16384},
        "ml.g4dn.12xlarge": {"Count": 4, "TotalGpuMemoryInMiB": 65536},
        "ml.g5n.xlarge": {"Count": 1, "TotalGpuMemoryInMiB": 24576},
        "ml.g5.2xlarge": {"Count": 1, "TotalGpuMemoryInMiB": 24576},
        "ml.g5.4xlarge": {"Count": 1, "TotalGpuMemoryInMiB": 24576},
        "ml.g5.8xlarge": {"Count": 1, "TotalGpuMemoryInMiB": 24576},
        "ml.g5.16xlarge": {"Count": 1, "TotalGpuMemoryInMiB": 24576},
        "ml.g5.12xlarge": {"Count": 4, "TotalGpuMemoryInMiB": 98304},
        "ml.g5.24xlarge": {"Count": 4, "TotalGpuMemoryInMiB": 98304},
        "ml.g5.48xlarge": {"Count": 8, "TotalGpuMemoryInMiB": 183104}
    },
    "ap-south-1": {
        "ml.p5.48xlarge": {"Count": 8, "TotalGpuMemoryInMiB": 655360},
        "ml.p4d.24xlarge": {"Count": 8, "TotalGpuMemoryInMiB": 327680},
        "ml.p4de.24xlarge": {"Count": 8, "TotalGpuMemoryInMiB": 655360},
        "ml.p3.2xlarge": {"Count": 1, "TotalGpuMemoryInMiB": 16384},
        "ml.p3.8xlarge": {"Count": 4, "TotalGpuMemoryInMiB": 65536},
        "ml.p3.16xlarge": {"Count": 8, "TotalGpuMemoryInMiB": 131072},
        "ml.p3dn.24xlarge": {"Count": 8, "TotalGpuMemoryInMiB": 262144},
        "ml.p2.xlarge": {"Count": 1, "TotalGpuMemoryInMiB": 12288},
        "ml.p2.8xlarge": {"Count": 8, "TotalGpuMemoryInMiB": 98304},
        "ml.p2.16xlarge": {"Count": 16, "TotalGpuMemoryInMiB": 196608},
        "ml.g4dn.xlarge": {"Count": 1, "TotalGpuMemoryInMiB": 16384},
        "ml.g4dn.2xlarge": {"Count": 1, "TotalGpuMemoryInMiB": 16384},
        "ml.g4dn.4xlarge": {"Count": 1, "TotalGpuMemoryInMiB": 16384},
        "ml.g4dn.8xlarge": {"Count": 1, "TotalGpuMemoryInMiB": 16384},
        "ml.g4dn.16xlarge": {"Count": 1, "TotalGpuMemoryInMiB": 16384},
        "ml.g4dn.12xlarge": {"Count": 4, "TotalGpuMemoryInMiB": 65536},
        "ml.g5n.xlarge": {"Count": 1, "TotalGpuMemoryInMiB": 24576},
        "ml.g5.2xlarge": {"Count": 1, "TotalGpuMemoryInMiB": 24576},
        "ml.g5.4xlarge": {"Count": 1, "TotalGpuMemoryInMiB": 24576},
        "ml.g5.8xlarge": {"Count": 1, "TotalGpuMemoryInMiB": 24576},
        "ml.g5.16xlarge": {"Count": 1, "TotalGpuMemoryInMiB": 24576},
        "ml.g5.12xlarge": {"Count": 4, "TotalGpuMemoryInMiB": 98304},
        "ml.g5.24xlarge": {"Count": 4, "TotalGpuMemoryInMiB": 98304},
        "ml.g5.48xlarge": {"Count": 8, "TotalGpuMemoryInMiB": 183104}
    },
    "ap-southeast-1": {
        "ml.p5.48xlarge": {"Count": 8, "TotalGpuMemoryInMiB": 655360},
        "ml.p4d.24xlarge": {"Count": 8, "TotalGpuMemoryInMiB": 327680},
        "ml.p4de.24xlarge": {"Count": 8, "TotalGpuMemoryInMiB": 655360},
        "ml.p3.2xlarge": {"Count": 1, "TotalGpuMemoryInMiB": 16384},
        "ml.p3.8xlarge": {"Count": 4, "TotalGpuMemoryInMiB": 65536},
        "ml.p3.16xlarge": {"Count": 8, "TotalGpuMemoryInMiB": 131072},
        "ml.p3dn.24xlarge": {"Count": 8, "TotalGpuMemoryInMiB": 262144},
        "ml.p2.xlarge": {"Count": 1, "TotalGpuMemoryInMiB": 12288},
        "ml.p2.8xlarge": {"Count": 8, "TotalGpuMemoryInMiB": 98304},
        "ml.p2.16xlarge": {"Count": 16, "TotalGpuMemoryInMiB": 196608},
        "ml.g4dn.xlarge": {"Count": 1, "TotalGpuMemoryInMiB": 16384},
        "ml.g4dn.2xlarge": {"Count": 1, "TotalGpuMemoryInMiB": 16384},
        "ml.g4dn.4xlarge": {"Count": 1, "TotalGpuMemoryInMiB": 16384},
        "ml.g4dn.8xlarge": {"Count": 1, "TotalGpuMemoryInMiB": 16384},
        "ml.g4dn.16xlarge": {"Count": 1, "TotalGpuMemoryInMiB": 16384},
        "ml.g4dn.12xlarge": {"Count": 4, "TotalGpuMemoryInMiB": 65536},
        "ml.g5n.xlarge": {"Count": 1, "TotalGpuMemoryInMiB": 24576},
        "ml.g5.2xlarge": {"Count": 1, "TotalGpuMemoryInMiB": 24576},
        "ml.g5.4xlarge": {"Count": 1, "TotalGpuMemoryInMiB": 24576},
        "ml.g5.8xlarge": {"Count": 1, "TotalGpuMemoryInMiB": 24576},
        "ml.g5.16xlarge": {"Count": 1, "TotalGpuMemoryInMiB": 24576},
        "ml.g5.12xlarge": {"Count": 4, "TotalGpuMemoryInMiB": 98304},
        "ml.g5.24xlarge": {"Count": 4, "TotalGpuMemoryInMiB": 98304},
        "ml.g5.48xlarge": {"Count": 8, "TotalGpuMemoryInMiB": 183104}
    },
    "ap-southeast-2": {
        "ml.p5.48xlarge": {"Count": 8, "TotalGpuMemoryInMiB": 655360},
        "ml.p4d.24xlarge": {"Count": 8, "TotalGpuMemoryInMiB": 327680},
        "ml.p4de.24xlarge": {"Count": 8, "TotalGpuMemoryInMiB": 655360},
        "ml.p3.2xlarge": {"Count": 1, "TotalGpuMemoryInMiB": 16384},
        "ml.p3.8xlarge": {"Count": 4, "TotalGpuMemoryInMiB": 65536},
        "ml.p3.16xlarge": {"Count": 8, "TotalGpuMemoryInMiB": 131072},
        "ml.p3dn.24xlarge": {"Count": 8, "TotalGpuMemoryInMiB": 262144},
        "ml.p2.xlarge": {"Count": 1, "TotalGpuMemoryInMiB": 12288},
        "ml.p2.8xlarge": {"Count": 8, "TotalGpuMemoryInMiB": 98304},
        "ml.p2.16xlarge": {"Count": 16, "TotalGpuMemoryInMiB": 196608},
        "ml.g4dn.xlarge": {"Count": 1, "TotalGpuMemoryInMiB": 16384},
        "ml.g4dn.2xlarge": {"Count": 1, "TotalGpuMemoryInMiB": 16384},
        "ml.g4dn.4xlarge": {"Count": 1, "TotalGpuMemoryInMiB": 16384},
        "ml.g4dn.8xlarge": {"Count": 1, "TotalGpuMemoryInMiB": 16384},
        "ml.g4dn.16xlarge": {"Count": 1, "TotalGpuMemoryInMiB": 16384},
        "ml.g4dn.12xlarge": {"Count": 4, "TotalGpuMemoryInMiB": 65536},
        "ml.g5n.xlarge": {"Count": 1, "TotalGpuMemoryInMiB": 24576},
        "ml.g5.2xlarge": {"Count": 1, "TotalGpuMemoryInMiB": 24576},
        "ml.g5.4xlarge": {"Count": 1, "TotalGpuMemoryInMiB": 24576},
        "ml.g5.8xlarge": {"Count": 1, "TotalGpuMemoryInMiB": 24576},
        "ml.g5.16xlarge": {"Count": 1, "TotalGpuMemoryInMiB": 24576},
        "ml.g5.12xlarge": {"Count": 4, "TotalGpuMemoryInMiB": 98304},
        "ml.g5.24xlarge": {"Count": 4, "TotalGpuMemoryInMiB": 98304},
        "ml.g5.48xlarge": {"Count": 8, "TotalGpuMemoryInMiB": 183104}
    },
    "ap-southeast-3": {
        "ml.p5.48xlarge": {"Count": 8, "TotalGpuMemoryInMiB": 655360},
        "ml.p4d.24xlarge": {"Count": 8, "TotalGpuMemoryInMiB": 327680},
        "ml.p4de.24xlarge": {"Count": 8, "TotalGpuMemoryInMiB": 655360},
        "ml.p3.2xlarge": {"Count": 1, "TotalGpuMemoryInMiB": 16384},
        "ml.p3.8xlarge": {"Count": 4, "TotalGpuMemoryInMiB": 65536},
        "ml.p3.16xlarge": {"Count": 8, "TotalGpuMemoryInMiB": 131072},
        "ml.p3dn.24xlarge": {"Count": 8, "TotalGpuMemoryInMiB": 262144},
        "ml.p2.xlarge": {"Count": 1, "TotalGpuMemoryInMiB": 12288},
        "ml.p2.8xlarge": {"Count": 8, "TotalGpuMemoryInMiB": 98304},
        "ml.p2.16xlarge": {"Count": 16, "TotalGpuMemoryInMiB": 196608},
        "ml.g4dn.xlarge": {"Count": 1, "TotalGpuMemoryInMiB": 16384},
        "ml.g4dn.2xlarge": {"Count": 1, "TotalGpuMemoryInMiB": 16384},
        "ml.g4dn.4xlarge": {"Count": 1, "TotalGpuMemoryInMiB": 16384},
        "ml.g4dn.8xlarge": {"Count": 1, "TotalGpuMemoryInMiB": 16384},
        "ml.g4dn.16xlarge": {"Count": 1, "TotalGpuMemoryInMiB": 16384},
        "ml.g4dn.12xlarge": {"Count": 4, "TotalGpuMemoryInMiB": 65536},
        "ml.g5n.xlarge": {"Count": 1, "TotalGpuMemoryInMiB": 24576},
        "ml.g5.2xlarge": {"Count": 1, "TotalGpuMemoryInMiB": 24576},
        "ml.g5.4xlarge": {"Count": 1, "TotalGpuMemoryInMiB": 24576},
        "ml.g5.8xlarge": {"Count": 1, "TotalGpuMemoryInMiB": 24576},
        "ml.g5.16xlarge": {"Count": 1, "TotalGpuMemoryInMiB": 24576},
        "ml.g5.12xlarge": {"Count": 4, "TotalGpuMemoryInMiB": 98304},
        "ml.g5.24xlarge": {"Count": 4, "TotalGpuMemoryInMiB": 98304},
        "ml.g5.48xlarge": {"Count": 8, "TotalGpuMemoryInMiB": 183104}
    },
    "ca-central-1": {
        "ml.p5.48xlarge": {"Count": 8, "TotalGpuMemoryInMiB": 655360},
        "ml.p4d.24xlarge": {"Count": 8, "TotalGpuMemoryInMiB": 327680},
        "ml.p4de.24xlarge": {"Count": 8, "TotalGpuMemoryInMiB": 655360},
        "ml.p3.2xlarge": {"Count": 1, "TotalGpuMemoryInMiB": 16384},
        "ml.p3.8xlarge": {"Count": 4, "TotalGpuMemoryInMiB": 65536},
        "ml.p3.16xlarge": {"Count": 8, "TotalGpuMemoryInMiB": 131072},
        "ml.p3dn.24xlarge": {"Count": 8, "TotalGpuMemoryInMiB": 262144},
        "ml.p2.xlarge": {"Count": 1, "TotalGpuMemoryInMiB": 12288},
        "ml.p2.8xlarge": {"Count": 8, "TotalGpuMemoryInMiB": 98304},
        "ml.p2.16xlarge": {"Count": 16, "TotalGpuMemoryInMiB": 196608},
        "ml.g4dn.xlarge": {"Count": 1, "TotalGpuMemoryInMiB": 16384},
        "ml.g4dn.2xlarge": {"Count": 1, "TotalGpuMemoryInMiB": 16384},
        "ml.g4dn.4xlarge": {"Count": 1, "TotalGpuMemoryInMiB": 16384},
        "ml.g4dn.8xlarge": {"Count": 1, "TotalGpuMemoryInMiB": 16384},
        "ml.g4dn.16xlarge": {"Count": 1, "TotalGpuMemoryInMiB": 16384},
        "ml.g4dn.12xlarge": {"Count": 4, "TotalGpuMemoryInMiB": 65536},
        "ml.g5n.xlarge": {"Count": 1, "TotalGpuMemoryInMiB": 24576},
        "ml.g5.2xlarge": {"Count": 1, "TotalGpuMemoryInMiB": 24576},
        "ml.g5.4xlarge": {"Count": 1, "TotalGpuMemoryInMiB": 24576},
        "ml.g5.8xlarge": {"Count": 1, "TotalGpuMemoryInMiB": 24576},
        "ml.g5.16xlarge": {"Count": 1, "TotalGpuMemoryInMiB": 24576},
        "ml.g5.12xlarge": {"Count": 4, "TotalGpuMemoryInMiB": 98304},
        "ml.g5.24xlarge": {"Count": 4, "TotalGpuMemoryInMiB": 98304},
        "ml.g5.48xlarge": {"Count": 8, "TotalGpuMemoryInMiB": 183104}
    },
    "cn-north-1": {
        "ml.p5.48xlarge": {"Count": 8, "TotalGpuMemoryInMiB": 655360},
        "ml.p4d.24xlarge": {"Count": 8, "TotalGpuMemoryInMiB": 327680},
        "ml.p4de.24xlarge": {"Count": 8, "TotalGpuMemoryInMiB": 655360},
        "ml.p3.2xlarge": {"Count": 1, "TotalGpuMemoryInMiB": 16384},
        "ml.p3.8xlarge": {"Count": 4, "TotalGpuMemoryInMiB": 65536},
        "ml.p3.16xlarge": {"Count": 8, "TotalGpuMemoryInMiB": 131072},
        "ml.p3dn.24xlarge": {"Count": 8, "TotalGpuMemoryInMiB": 262144},
        "ml.p2.xlarge": {"Count": 1, "TotalGpuMemoryInMiB": 12288},
        "ml.p2.8xlarge": {"Count": 8, "TotalGpuMemoryInMiB": 98304},
        "ml.p2.16xlarge": {"Count": 16, "TotalGpuMemoryInMiB": 196608},
        "ml.g4dn.xlarge": {"Count": 1, "TotalGpuMemoryInMiB": 16384},
        "ml.g4dn.2xlarge": {"Count": 1, "TotalGpuMemoryInMiB": 16384},
        "ml.g4dn.4xlarge": {"Count": 1, "TotalGpuMemoryInMiB": 16384},
        "ml.g4dn.8xlarge": {"Count": 1, "TotalGpuMemoryInMiB": 16384},
        "ml.g4dn.16xlarge": {"Count": 1, "TotalGpuMemoryInMiB": 16384},
        "ml.g4dn.12xlarge": {"Count": 4, "TotalGpuMemoryInMiB": 65536},
        "ml.g5n.xlarge": {"Count": 1, "TotalGpuMemoryInMiB": 24576},
        "ml.g5.2xlarge": {"Count": 1, "TotalGpuMemoryInMiB": 24576},
        "ml.g5.4xlarge": {"Count": 1, "TotalGpuMemoryInMiB": 24576},
        "ml.g5.8xlarge": {"Count": 1, "TotalGpuMemoryInMiB": 24576},
        "ml.g5.16xlarge": {"Count": 1, "TotalGpuMemoryInMiB": 24576},
        "ml.g5.12xlarge": {"Count": 4, "TotalGpuMemoryInMiB": 98304},
        "ml.g5.24xlarge": {"Count": 4, "TotalGpuMemoryInMiB": 98304},
        "ml.g5.48xlarge": {"Count": 8, "TotalGpuMemoryInMiB": 183104}
    },
    "cn-northwest-1": {
        "ml.p5.48xlarge": {"Count": 8, "TotalGpuMemoryInMiB": 655360},
        "ml.p4d.24xlarge": {"Count": 8, "TotalGpuMemoryInMiB": 327680},
        "ml.p4de.24xlarge": {"Count": 8, "TotalGpuMemoryInMiB": 655360},
        "ml.p3.2xlarge": {"Count": 1, "TotalGpuMemoryInMiB": 16384},
        "ml.p3.8xlarge": {"Count": 4, "TotalGpuMemoryInMiB": 65536},
        "ml.p3.16xlarge": {"Count": 8, "TotalGpuMemoryInMiB": 131072},
        "ml.p3dn.24xlarge": {"Count": 8, "TotalGpuMemoryInMiB": 262144},
        "ml.p2.xlarge": {"Count": 1, "TotalGpuMemoryInMiB": 12288},
        "ml.p2.8xlarge": {"Count": 8, "TotalGpuMemoryInMiB": 98304},
        "ml.p2.16xlarge": {"Count": 16, "TotalGpuMemoryInMiB": 196608},
        "ml.g4dn.xlarge": {"Count": 1, "TotalGpuMemoryInMiB": 16384},
        "ml.g4dn.2xlarge": {"Count": 1, "TotalGpuMemoryInMiB": 16384},
        "ml.g4dn.4xlarge": {"Count": 1, "TotalGpuMemoryInMiB": 16384},
        "ml.g4dn.8xlarge": {"Count": 1, "TotalGpuMemoryInMiB": 16384},
        "ml.g4dn.16xlarge": {"Count": 1, "TotalGpuMemoryInMiB": 16384},
        "ml.g4dn.12xlarge": {"Count": 4, "TotalGpuMemoryInMiB": 65536},
        "ml.g5n.xlarge": {"Count": 1, "TotalGpuMemoryInMiB": 24576},
        "ml.g5.2xlarge": {"Count": 1, "TotalGpuMemoryInMiB": 24576},
        "ml.g5.4xlarge": {"Count": 1, "TotalGpuMemoryInMiB": 24576},
        "ml.g5.8xlarge": {"Count": 1, "TotalGpuMemoryInMiB": 24576},
        "ml.g5.16xlarge": {"Count": 1, "TotalGpuMemoryInMiB": 24576},
        "ml.g5.12xlarge": {"Count": 4, "TotalGpuMemoryInMiB": 98304},
        "ml.g5.24xlarge": {"Count": 4, "TotalGpuMemoryInMiB": 98304},
        "ml.g5.48xlarge": {"Count": 8, "TotalGpuMemoryInMiB": 183104}
    },
    "eu-central-1": {
        "ml.p5.48xlarge": {"Count": 8, "TotalGpuMemoryInMiB": 655360},
        "ml.p4d.24xlarge": {"Count": 8, "TotalGpuMemoryInMiB": 327680},
        "ml.p4de.24xlarge": {"Count": 8, "TotalGpuMemoryInMiB": 655360},
        "ml.p3.2xlarge": {"Count": 1, "TotalGpuMemoryInMiB": 16384},
        "ml.p3.8xlarge": {"Count": 4, "TotalGpuMemoryInMiB": 65536},
        "ml.p3.16xlarge": {"Count": 8, "TotalGpuMemoryInMiB": 131072},
        "ml.p3dn.24xlarge": {"Count": 8, "TotalGpuMemoryInMiB": 262144},
        "ml.p2.xlarge": {"Count": 1, "TotalGpuMemoryInMiB": 12288},
        "ml.p2.8xlarge": {"Count": 8, "TotalGpuMemoryInMiB": 98304},
        "ml.p2.16xlarge": {"Count": 16, "TotalGpuMemoryInMiB": 196608},
        "ml.g4dn.xlarge": {"Count": 1, "TotalGpuMemoryInMiB": 16384},
        "ml.g4dn.2xlarge": {"Count": 1, "TotalGpuMemoryInMiB": 16384},
        "ml.g4dn.4xlarge": {"Count": 1, "TotalGpuMemoryInMiB": 16384},
        "ml.g4dn.8xlarge": {"Count": 1, "TotalGpuMemoryInMiB": 16384},
        "ml.g4dn.16xlarge": {"Count": 1, "TotalGpuMemoryInMiB": 16384},
        "ml.g4dn.12xlarge": {"Count": 4, "TotalGpuMemoryInMiB": 65536},
        "ml.g5n.xlarge": {"Count": 1, "TotalGpuMemoryInMiB": 24576},
        "ml.g5.2xlarge": {"Count": 1, "TotalGpuMemoryInMiB": 24576},
        "ml.g5.4xlarge": {"Count": 1, "TotalGpuMemoryInMiB": 24576},
        "ml.g5.8xlarge": {"Count": 1, "TotalGpuMemoryInMiB": 24576},
        "ml.g5.16xlarge": {"Count": 1, "TotalGpuMemoryInMiB": 24576},
        "ml.g5.12xlarge": {"Count": 4, "TotalGpuMemoryInMiB": 98304},
        "ml.g5.24xlarge": {"Count": 4, "TotalGpuMemoryInMiB": 98304},
        "ml.g5.48xlarge": {"Count": 8, "TotalGpuMemoryInMiB": 183104}
    },
    "eu-central-2": {
        "ml.p5.48xlarge": {"Count": 8, "TotalGpuMemoryInMiB": 655360},
        "ml.p4d.24xlarge": {"Count": 8, "TotalGpuMemoryInMiB": 327680},
        "ml.p4de.24xlarge": {"Count": 8, "TotalGpuMemoryInMiB": 655360},
        "ml.p3.2xlarge": {"Count": 1, "TotalGpuMemoryInMiB": 16384},
        "ml.p3.8xlarge": {"Count": 4, "TotalGpuMemoryInMiB": 65536},
        "ml.p3.16xlarge": {"Count": 8, "TotalGpuMemoryInMiB": 131072},
        "ml.p3dn.24xlarge": {"Count": 8, "TotalGpuMemoryInMiB": 262144},
        "ml.p2.xlarge": {"Count": 1, "TotalGpuMemoryInMiB": 12288},
        "ml.p2.8xlarge": {"Count": 8, "TotalGpuMemoryInMiB": 98304},
        "ml.p2.16xlarge": {"Count": 16, "TotalGpuMemoryInMiB": 196608},
        "ml.g4dn.xlarge": {"Count": 1, "TotalGpuMemoryInMiB": 16384},
        "ml.g4dn.2xlarge": {"Count": 1, "TotalGpuMemoryInMiB": 16384},
        "ml.g4dn.4xlarge": {"Count": 1, "TotalGpuMemoryInMiB": 16384},
        "ml.g4dn.8xlarge": {"Count": 1, "TotalGpuMemoryInMiB": 16384},
        "ml.g4dn.16xlarge": {"Count": 1, "TotalGpuMemoryInMiB": 16384},
        "ml.g4dn.12xlarge": {"Count": 4, "TotalGpuMemoryInMiB": 65536},
        "ml.g5n.xlarge": {"Count": 1, "TotalGpuMemoryInMiB": 24576},
        "ml.g5.2xlarge": {"Count": 1, "TotalGpuMemoryInMiB": 24576},
        "ml.g5.4xlarge": {"Count": 1, "TotalGpuMemoryInMiB": 24576},
        "ml.g5.8xlarge": {"Count": 1, "TotalGpuMemoryInMiB": 24576},
        "ml.g5.16xlarge": {"Count": 1, "TotalGpuMemoryInMiB": 24576},
        "ml.g5.12xlarge": {"Count": 4, "TotalGpuMemoryInMiB": 98304},
        "ml.g5.24xlarge": {"Count": 4, "TotalGpuMemoryInMiB": 98304},
        "ml.g5.48xlarge": {"Count": 8, "TotalGpuMemoryInMiB": 183104}
    },
    "eu-north-1": {
        "ml.p5.48xlarge": {"Count": 8, "TotalGpuMemoryInMiB": 655360},
        "ml.p4d.24xlarge": {"Count": 8, "TotalGpuMemoryInMiB": 327680},
        "ml.p4de.24xlarge": {"Count": 8, "TotalGpuMemoryInMiB": 655360},
        "ml.p3.2xlarge": {"Count": 1, "TotalGpuMemoryInMiB": 16384},
        "ml.p3.8xlarge": {"Count": 4, "TotalGpuMemoryInMiB": 65536},
        "ml.p3.16xlarge": {"Count": 8, "TotalGpuMemoryInMiB": 131072},
        "ml.p3dn.24xlarge": {"Count": 8, "TotalGpuMemoryInMiB": 262144},
        "ml.p2.xlarge": {"Count": 1, "TotalGpuMemoryInMiB": 12288},
        "ml.p2.8xlarge": {"Count": 8, "TotalGpuMemoryInMiB": 98304},
        "ml.p2.16xlarge": {"Count": 16, "TotalGpuMemoryInMiB": 196608},
        "ml.g4dn.xlarge": {"Count": 1, "TotalGpuMemoryInMiB": 16384},
        "ml.g4dn.2xlarge": {"Count": 1, "TotalGpuMemoryInMiB": 16384},
        "ml.g4dn.4xlarge": {"Count": 1, "TotalGpuMemoryInMiB": 16384},
        "ml.g4dn.8xlarge": {"Count": 1, "TotalGpuMemoryInMiB": 16384},
        "ml.g4dn.16xlarge": {"Count": 1, "TotalGpuMemoryInMiB": 16384},
        "ml.g4dn.12xlarge": {"Count": 4, "TotalGpuMemoryInMiB": 65536},
        "ml.g5n.xlarge": {"Count": 1, "TotalGpuMemoryInMiB": 24576},
        "ml.g5.2xlarge": {"Count": 1, "TotalGpuMemoryInMiB": 24576},
        "ml.g5.4xlarge": {"Count": 1, "TotalGpuMemoryInMiB": 24576},
        "ml.g5.8xlarge": {"Count": 1, "TotalGpuMemoryInMiB": 24576},
        "ml.g5.16xlarge": {"Count": 1, "TotalGpuMemoryInMiB": 24576},
        "ml.g5.12xlarge": {"Count": 4, "TotalGpuMemoryInMiB": 98304},
        "ml.g5.24xlarge": {"Count": 4, "TotalGpuMemoryInMiB": 98304},
        "ml.g5.48xlarge": {"Count": 8, "TotalGpuMemoryInMiB": 183104}
    },
    "eu-south-1": {
        "ml.p5.48xlarge": {"Count": 8, "TotalGpuMemoryInMiB": 655360},
        "ml.p4d.24xlarge": {"Count": 8, "TotalGpuMemoryInMiB": 327680},
        "ml.p4de.24xlarge": {"Count": 8, "TotalGpuMemoryInMiB": 655360},
        "ml.p3.2xlarge": {"Count": 1, "TotalGpuMemoryInMiB": 16384},
        "ml.p3.8xlarge": {"Count": 4, "TotalGpuMemoryInMiB": 65536},
        "ml.p3.16xlarge": {"Count": 8, "TotalGpuMemoryInMiB": 131072},
        "ml.p3dn.24xlarge": {"Count": 8, "TotalGpuMemoryInMiB": 262144},
        "ml.p2.xlarge": {"Count": 1, "TotalGpuMemoryInMiB": 12288},
        "ml.p2.8xlarge": {"Count": 8, "TotalGpuMemoryInMiB": 98304},
        "ml.p2.16xlarge": {"Count": 16, "TotalGpuMemoryInMiB": 196608},
        "ml.g4dn.xlarge": {"Count": 1, "TotalGpuMemoryInMiB": 16384},
        "ml.g4dn.2xlarge": {"Count": 1, "TotalGpuMemoryInMiB": 16384},
        "ml.g4dn.4xlarge": {"Count": 1, "TotalGpuMemoryInMiB": 16384},
        "ml.g4dn.8xlarge": {"Count": 1, "TotalGpuMemoryInMiB": 16384},
        "ml.g4dn.16xlarge": {"Count": 1, "TotalGpuMemoryInMiB": 16384},
        "ml.g4dn.12xlarge": {"Count": 4, "TotalGpuMemoryInMiB": 65536},
        "ml.g5n.xlarge": {"Count": 1, "TotalGpuMemoryInMiB": 24576},
        "ml.g5.2xlarge": {"Count": 1, "TotalGpuMemoryInMiB": 24576},
        "ml.g5.4xlarge": {"Count": 1, "TotalGpuMemoryInMiB": 24576},
        "ml.g5.8xlarge": {"Count": 1, "TotalGpuMemoryInMiB": 24576},
        "ml.g5.16xlarge": {"Count": 1, "TotalGpuMemoryInMiB": 24576},
        "ml.g5.12xlarge": {"Count": 4, "TotalGpuMemoryInMiB": 98304},
        "ml.g5.24xlarge": {"Count": 4, "TotalGpuMemoryInMiB": 98304},
        "ml.g5.48xlarge": {"Count": 8, "TotalGpuMemoryInMiB": 183104}
    },
    "eu-south-2": {
        "ml.p5.48xlarge": {"Count": 8, "TotalGpuMemoryInMiB": 655360},
        "ml.p4d.24xlarge": {"Count": 8, "TotalGpuMemoryInMiB": 327680},
        "ml.p4de.24xlarge": {"Count": 8, "TotalGpuMemoryInMiB": 655360},
        "ml.p3.2xlarge": {"Count": 1, "TotalGpuMemoryInMiB": 16384},
        "ml.p3.8xlarge": {"Count": 4, "TotalGpuMemoryInMiB": 65536},
        "ml.p3.16xlarge": {"Count": 8, "TotalGpuMemoryInMiB": 131072},
        "ml.p3dn.24xlarge": {"Count": 8, "TotalGpuMemoryInMiB": 262144},
        "ml.p2.xlarge": {"Count": 1, "TotalGpuMemoryInMiB": 12288},
        "ml.p2.8xlarge": {"Count": 8, "TotalGpuMemoryInMiB": 98304},
        "ml.p2.16xlarge": {"Count": 16, "TotalGpuMemoryInMiB": 196608},
        "ml.g4dn.xlarge": {"Count": 1, "TotalGpuMemoryInMiB": 16384},
        "ml.g4dn.2xlarge": {"Count": 1, "TotalGpuMemoryInMiB": 16384},
        "ml.g4dn.4xlarge": {"Count": 1, "TotalGpuMemoryInMiB": 16384},
        "ml.g4dn.8xlarge": {"Count": 1, "TotalGpuMemoryInMiB": 16384},
        "ml.g4dn.16xlarge": {"Count": 1, "TotalGpuMemoryInMiB": 16384},
        "ml.g4dn.12xlarge": {"Count": 4, "TotalGpuMemoryInMiB": 65536},
        "ml.g5n.xlarge": {"Count": 1, "TotalGpuMemoryInMiB": 24576},
        "ml.g5.2xlarge": {"Count": 1, "TotalGpuMemoryInMiB": 24576},
        "ml.g5.4xlarge": {"Count": 1, "TotalGpuMemoryInMiB": 24576},
        "ml.g5.8xlarge": {"Count": 1, "TotalGpuMemoryInMiB": 24576},
        "ml.g5.16xlarge": {"Count": 1, "TotalGpuMemoryInMiB": 24576},
        "ml.g5.12xlarge": {"Count": 4, "TotalGpuMemoryInMiB": 98304},
        "ml.g5.24xlarge": {"Count": 4, "TotalGpuMemoryInMiB": 98304},
        "ml.g5.48xlarge": {"Count": 8, "TotalGpuMemoryInMiB": 183104}
    },
    "eu-west-1": {
        "ml.p5.48xlarge": {"Count": 8, "TotalGpuMemoryInMiB": 655360},
        "ml.p4d.24xlarge": {"Count": 8, "TotalGpuMemoryInMiB": 327680},
        "ml.p4de.24xlarge": {"Count": 8, "TotalGpuMemoryInMiB": 655360},
        "ml.p3.2xlarge": {"Count": 1, "TotalGpuMemoryInMiB": 16384},
        "ml.p3.8xlarge": {"Count": 4, "TotalGpuMemoryInMiB": 65536},
        "ml.p3.16xlarge": {"Count": 8, "TotalGpuMemoryInMiB": 131072},
        "ml.p3dn.24xlarge": {"Count": 8, "TotalGpuMemoryInMiB": 262144},
        "ml.p2.xlarge": {"Count": 1, "TotalGpuMemoryInMiB": 12288},
        "ml.p2.8xlarge": {"Count": 8, "TotalGpuMemoryInMiB": 98304},
        "ml.p2.16xlarge": {"Count": 16, "TotalGpuMemoryInMiB": 196608},
        "ml.g4dn.xlarge": {"Count": 1, "TotalGpuMemoryInMiB": 16384},
        "ml.g4dn.2xlarge": {"Count": 1, "TotalGpuMemoryInMiB": 16384},
        "ml.g4dn.4xlarge": {"Count": 1, "TotalGpuMemoryInMiB": 16384},
        "ml.g4dn.8xlarge": {"Count": 1, "TotalGpuMemoryInMiB": 16384},
        "ml.g4dn.16xlarge": {"Count": 1, "TotalGpuMemoryInMiB": 16384},
        "ml.g4dn.12xlarge": {"Count": 4, "TotalGpuMemoryInMiB": 65536},
        "ml.g5n.xlarge": {"Count": 1, "TotalGpuMemoryInMiB": 24576},
        "ml.g5.2xlarge": {"Count": 1, "TotalGpuMemoryInMiB": 24576},
        "ml.g5.4xlarge": {"Count": 1, "TotalGpuMemoryInMiB": 24576},
        "ml.g5.8xlarge": {"Count": 1, "TotalGpuMemoryInMiB": 24576},
        "ml.g5.16xlarge": {"Count": 1, "TotalGpuMemoryInMiB": 24576},
        "ml.g5.12xlarge": {"Count": 4, "TotalGpuMemoryInMiB": 98304},
        "ml.g5.24xlarge": {"Count": 4, "TotalGpuMemoryInMiB": 98304},
        "ml.g5.48xlarge": {"Count": 8, "TotalGpuMemoryInMiB": 183104}
    },
    "eu-west-2": {
        "ml.p5.48xlarge": {"Count": 8, "TotalGpuMemoryInMiB": 655360},
        "ml.p4d.24xlarge": {"Count": 8, "TotalGpuMemoryInMiB": 327680},
        "ml.p4de.24xlarge": {"Count": 8, "TotalGpuMemoryInMiB": 655360},
        "ml.p3.2xlarge": {"Count": 1, "TotalGpuMemoryInMiB": 16384},
        "ml.p3.8xlarge": {"Count": 4, "TotalGpuMemoryInMiB": 65536},
        "ml.p3.16xlarge": {"Count": 8, "TotalGpuMemoryInMiB": 131072},
        "ml.p3dn.24xlarge": {"Count": 8, "TotalGpuMemoryInMiB": 262144},
        "ml.p2.xlarge": {"Count": 1, "TotalGpuMemoryInMiB": 12288},
        "ml.p2.8xlarge": {"Count": 8, "TotalGpuMemoryInMiB": 98304},
        "ml.p2.16xlarge": {"Count": 16, "TotalGpuMemoryInMiB": 196608},
        "ml.g4dn.xlarge": {"Count": 1, "TotalGpuMemoryInMiB": 16384},
        "ml.g4dn.2xlarge": {"Count": 1, "TotalGpuMemoryInMiB": 16384},
        "ml.g4dn.4xlarge": {"Count": 1, "TotalGpuMemoryInMiB": 16384},
        "ml.g4dn.8xlarge": {"Count": 1, "TotalGpuMemoryInMiB": 16384},
        "ml.g4dn.16xlarge": {"Count": 1, "TotalGpuMemoryInMiB": 16384},
        "ml.g4dn.12xlarge": {"Count": 4, "TotalGpuMemoryInMiB": 65536},
        "ml.g5n.xlarge": {"Count": 1, "TotalGpuMemoryInMiB": 24576},
        "ml.g5.2xlarge": {"Count": 1, "TotalGpuMemoryInMiB": 24576},
        "ml.g5.4xlarge": {"Count": 1, "TotalGpuMemoryInMiB": 24576},
        "ml.g5.8xlarge": {"Count": 1, "TotalGpuMemoryInMiB": 24576},
        "ml.g5.16xlarge": {"Count": 1, "TotalGpuMemoryInMiB": 24576},
        "ml.g5.12xlarge": {"Count": 4, "TotalGpuMemoryInMiB": 98304},
        "ml.g5.24xlarge": {"Count": 4, "TotalGpuMemoryInMiB": 98304},
        "ml.g5.48xlarge": {"Count": 8, "TotalGpuMemoryInMiB": 183104}
    },
    "eu-west-3": {
        "ml.p5.48xlarge": {"Count": 8, "TotalGpuMemoryInMiB": 655360},
        "ml.p4d.24xlarge": {"Count": 8, "TotalGpuMemoryInMiB": 327680},
        "ml.p4de.24xlarge": {"Count": 8, "TotalGpuMemoryInMiB": 655360},
        "ml.p3.2xlarge": {"Count": 1, "TotalGpuMemoryInMiB": 16384},
        "ml.p3.8xlarge": {"Count": 4, "TotalGpuMemoryInMiB": 65536},
        "ml.p3.16xlarge": {"Count": 8, "TotalGpuMemoryInMiB": 131072},
        "ml.p3dn.24xlarge": {"Count": 8, "TotalGpuMemoryInMiB": 262144},
        "ml.p2.xlarge": {"Count": 1, "TotalGpuMemoryInMiB": 12288},
        "ml.p2.8xlarge": {"Count": 8, "TotalGpuMemoryInMiB": 98304},
        "ml.p2.16xlarge": {"Count": 16, "TotalGpuMemoryInMiB": 196608},
        "ml.g4dn.xlarge": {"Count": 1, "TotalGpuMemoryInMiB": 16384},
        "ml.g4dn.2xlarge": {"Count": 1, "TotalGpuMemoryInMiB": 16384},
        "ml.g4dn.4xlarge": {"Count": 1, "TotalGpuMemoryInMiB": 16384},
        "ml.g4dn.8xlarge": {"Count": 1, "TotalGpuMemoryInMiB": 16384},
        "ml.g4dn.16xlarge": {"Count": 1, "TotalGpuMemoryInMiB": 16384},
        "ml.g4dn.12xlarge": {"Count": 4, "TotalGpuMemoryInMiB": 65536},
        "ml.g5n.xlarge": {"Count": 1, "TotalGpuMemoryInMiB": 24576},
        "ml.g5.2xlarge": {"Count": 1, "TotalGpuMemoryInMiB": 24576},
        "ml.g5.4xlarge": {"Count": 1, "TotalGpuMemoryInMiB": 24576},
        "ml.g5.8xlarge": {"Count": 1, "TotalGpuMemoryInMiB": 24576},
        "ml.g5.16xlarge": {"Count": 1, "TotalGpuMemoryInMiB": 24576},
        "ml.g5.12xlarge": {"Count": 4, "TotalGpuMemoryInMiB": 98304},
        "ml.g5.24xlarge": {"Count": 4, "TotalGpuMemoryInMiB": 98304},
        "ml.g5.48xlarge": {"Count": 8, "TotalGpuMemoryInMiB": 183104}
    },
    "il-central-1": {
        "ml.p5.48xlarge": {"Count": 8, "TotalGpuMemoryInMiB": 655360},
        "ml.p4d.24xlarge": {"Count": 8, "TotalGpuMemoryInMiB": 327680},
        "ml.p4de.24xlarge": {"Count": 8, "TotalGpuMemoryInMiB": 655360},
        "ml.p3.2xlarge": {"Count": 1, "TotalGpuMemoryInMiB": 16384},
        "ml.p3.8xlarge": {"Count": 4, "TotalGpuMemoryInMiB": 65536},
        "ml.p3.16xlarge": {"Count": 8, "TotalGpuMemoryInMiB": 131072},
        "ml.p3dn.24xlarge": {"Count": 8, "TotalGpuMemoryInMiB": 262144},
        "ml.p2.xlarge": {"Count": 1, "TotalGpuMemoryInMiB": 12288},
        "ml.p2.8xlarge": {"Count": 8, "TotalGpuMemoryInMiB": 98304},
        "ml.p2.16xlarge": {"Count": 16, "TotalGpuMemoryInMiB": 196608},
        "ml.g4dn.xlarge": {"Count": 1, "TotalGpuMemoryInMiB": 16384},
        "ml.g4dn.2xlarge": {"Count": 1, "TotalGpuMemoryInMiB": 16384},
        "ml.g4dn.4xlarge": {"Count": 1, "TotalGpuMemoryInMiB": 16384},
        "ml.g4dn.8xlarge": {"Count": 1, "TotalGpuMemoryInMiB": 16384},
        "ml.g4dn.16xlarge": {"Count": 1, "TotalGpuMemoryInMiB": 16384},
        "ml.g4dn.12xlarge": {"Count": 4, "TotalGpuMemoryInMiB": 65536},
        "ml.g5n.xlarge": {"Count": 1, "TotalGpuMemoryInMiB": 24576},
        "ml.g5.2xlarge": {"Count": 1, "TotalGpuMemoryInMiB": 24576},
        "ml.g5.4xlarge": {"Count": 1, "TotalGpuMemoryInMiB": 24576},
        "ml.g5.8xlarge": {"Count": 1, "TotalGpuMemoryInMiB": 24576},
        "ml.g5.16xlarge": {"Count": 1, "TotalGpuMemoryInMiB": 24576},
        "ml.g5.12xlarge": {"Count": 4, "TotalGpuMemoryInMiB": 98304},
        "ml.g5.24xlarge": {"Count": 4, "TotalGpuMemoryInMiB": 98304},
        "ml.g5.48xlarge": {"Count": 8, "TotalGpuMemoryInMiB": 183104}
    },
    "me-central-1": {
        "ml.p5.48xlarge": {"Count": 8, "TotalGpuMemoryInMiB": 655360},
        "ml.p4d.24xlarge": {"Count": 8, "TotalGpuMemoryInMiB": 327680},
        "ml.p4de.24xlarge": {"Count": 8, "TotalGpuMemoryInMiB": 655360},
        "ml.p3.2xlarge": {"Count": 1, "TotalGpuMemoryInMiB": 16384},
        "ml.p3.8xlarge": {"Count": 4, "TotalGpuMemoryInMiB": 65536},
        "ml.p3.16xlarge": {"Count": 8, "TotalGpuMemoryInMiB": 131072},
        "ml.p3dn.24xlarge": {"Count": 8, "TotalGpuMemoryInMiB": 262144},
        "ml.p2.xlarge": {"Count": 1, "TotalGpuMemoryInMiB": 12288},
        "ml.p2.8xlarge": {"Count": 8, "TotalGpuMemoryInMiB": 98304},
        "ml.p2.16xlarge": {"Count": 16, "TotalGpuMemoryInMiB": 196608},
        "ml.g4dn.xlarge": {"Count": 1, "TotalGpuMemoryInMiB": 16384},
        "ml.g4dn.2xlarge": {"Count": 1, "TotalGpuMemoryInMiB": 16384},
        "ml.g4dn.4xlarge": {"Count": 1, "TotalGpuMemoryInMiB": 16384},
        "ml.g4dn.8xlarge": {"Count": 1, "TotalGpuMemoryInMiB": 16384},
        "ml.g4dn.16xlarge": {"Count": 1, "TotalGpuMemoryInMiB": 16384},
        "ml.g4dn.12xlarge": {"Count": 4, "TotalGpuMemoryInMiB": 65536},
        "ml.g5n.xlarge": {"Count": 1, "TotalGpuMemoryInMiB": 24576},
        "ml.g5.2xlarge": {"Count": 1, "TotalGpuMemoryInMiB": 24576},
        "ml.g5.4xlarge": {"Count": 1, "TotalGpuMemoryInMiB": 24576},
        "ml.g5.8xlarge": {"Count": 1, "TotalGpuMemoryInMiB": 24576},
        "ml.g5.16xlarge": {"Count": 1, "TotalGpuMemoryInMiB": 24576},
        "ml.g5.12xlarge": {"Count": 4, "TotalGpuMemoryInMiB": 98304},
        "ml.g5.24xlarge": {"Count": 4, "TotalGpuMemoryInMiB": 98304},
        "ml.g5.48xlarge": {"Count": 8, "TotalGpuMemoryInMiB": 183104}
    },
    "me-south-1": {
        "ml.p5.48xlarge": {"Count": 8, "TotalGpuMemoryInMiB": 655360},
        "ml.p4d.24xlarge": {"Count": 8, "TotalGpuMemoryInMiB": 327680},
        "ml.p4de.24xlarge": {"Count": 8, "TotalGpuMemoryInMiB": 655360},
        "ml.p3.2xlarge": {"Count": 1, "TotalGpuMemoryInMiB": 16384},
        "ml.p3.8xlarge": {"Count": 4, "TotalGpuMemoryInMiB": 65536},
        "ml.p3.16xlarge": {"Count": 8, "TotalGpuMemoryInMiB": 131072},
        "ml.p3dn.24xlarge": {"Count": 8, "TotalGpuMemoryInMiB": 262144},
        "ml.p2.xlarge": {"Count": 1, "TotalGpuMemoryInMiB": 12288},
        "ml.p2.8xlarge": {"Count": 8, "TotalGpuMemoryInMiB": 98304},
        "ml.p2.16xlarge": {"Count": 16, "TotalGpuMemoryInMiB": 196608},
        "ml.g4dn.xlarge": {"Count": 1, "TotalGpuMemoryInMiB": 16384},
        "ml.g4dn.2xlarge": {"Count": 1, "TotalGpuMemoryInMiB": 16384},
        "ml.g4dn.4xlarge": {"Count": 1, "TotalGpuMemoryInMiB": 16384},
        "ml.g4dn.8xlarge": {"Count": 1, "TotalGpuMemoryInMiB": 16384},
        "ml.g4dn.16xlarge": {"Count": 1, "TotalGpuMemoryInMiB": 16384},
        "ml.g4dn.12xlarge": {"Count": 4, "TotalGpuMemoryInMiB": 65536},
        "ml.g5n.xlarge": {"Count": 1, "TotalGpuMemoryInMiB": 24576},
        "ml.g5.2xlarge": {"Count": 1, "TotalGpuMemoryInMiB": 24576},
        "ml.g5.4xlarge": {"Count": 1, "TotalGpuMemoryInMiB": 24576},
        "ml.g5.8xlarge": {"Count": 1, "TotalGpuMemoryInMiB": 24576},
        "ml.g5.16xlarge": {"Count": 1, "TotalGpuMemoryInMiB": 24576},
        "ml.g5.12xlarge": {"Count": 4, "TotalGpuMemoryInMiB": 98304},
        "ml.g5.24xlarge": {"Count": 4, "TotalGpuMemoryInMiB": 98304},
        "ml.g5.48xlarge": {"Count": 8, "TotalGpuMemoryInMiB": 183104}
    },
    "sa-east-1": {
        "ml.p5.48xlarge": {"Count": 8, "TotalGpuMemoryInMiB": 655360},
        "ml.p4d.24xlarge": {"Count": 8, "TotalGpuMemoryInMiB": 327680},
        "ml.p4de.24xlarge": {"Count": 8, "TotalGpuMemoryInMiB": 655360},
        "ml.p3.2xlarge": {"Count": 1, "TotalGpuMemoryInMiB": 16384},
        "ml.p3.8xlarge": {"Count": 4, "TotalGpuMemoryInMiB": 65536},
        "ml.p3.16xlarge": {"Count": 8, "TotalGpuMemoryInMiB": 131072},
        "ml.p3dn.24xlarge": {"Count": 8, "TotalGpuMemoryInMiB": 262144},
        "ml.p2.xlarge": {"Count": 1, "TotalGpuMemoryInMiB": 12288},
        "ml.p2.8xlarge": {"Count": 8, "TotalGpuMemoryInMiB": 98304},
        "ml.p2.16xlarge": {"Count": 16, "TotalGpuMemoryInMiB": 196608},
        "ml.g4dn.xlarge": {"Count": 1, "TotalGpuMemoryInMiB": 16384},
        "ml.g4dn.2xlarge": {"Count": 1, "TotalGpuMemoryInMiB": 16384},
        "ml.g4dn.4xlarge": {"Count": 1, "TotalGpuMemoryInMiB": 16384},
        "ml.g4dn.8xlarge": {"Count": 1, "TotalGpuMemoryInMiB": 16384},
        "ml.g4dn.16xlarge": {"Count": 1, "TotalGpuMemoryInMiB": 16384},
        "ml.g4dn.12xlarge": {"Count": 4, "TotalGpuMemoryInMiB": 65536},
        "ml.g5n.xlarge": {"Count": 1, "TotalGpuMemoryInMiB": 24576},
        "ml.g5.2xlarge": {"Count": 1, "TotalGpuMemoryInMiB": 24576},
        "ml.g5.4xlarge": {"Count": 1, "TotalGpuMemoryInMiB": 24576},
        "ml.g5.8xlarge": {"Count": 1, "TotalGpuMemoryInMiB": 24576},
        "ml.g5.16xlarge": {"Count": 1, "TotalGpuMemoryInMiB": 24576},
        "ml.g5.12xlarge": {"Count": 4, "TotalGpuMemoryInMiB": 98304},
        "ml.g5.24xlarge": {"Count": 4, "TotalGpuMemoryInMiB": 98304},
        "ml.g5.48xlarge": {"Count": 8, "TotalGpuMemoryInMiB": 183104}
    },
    "us-east-1": {
        "ml.p5.48xlarge": {"Count": 8, "TotalGpuMemoryInMiB": 655360},
        "ml.p4d.24xlarge": {"Count": 8, "TotalGpuMemoryInMiB": 327680},
        "ml.p4de.24xlarge": {"Count": 8, "TotalGpuMemoryInMiB": 655360},
        "ml.p3.2xlarge": {"Count": 1, "TotalGpuMemoryInMiB": 16384},
        "ml.p3.8xlarge": {"Count": 4, "TotalGpuMemoryInMiB": 65536},
        "ml.p3.16xlarge": {"Count": 8, "TotalGpuMemoryInMiB": 131072},
        "ml.p3dn.24xlarge": {"Count": 8, "TotalGpuMemoryInMiB": 262144},
        "ml.p2.xlarge": {"Count": 1, "TotalGpuMemoryInMiB": 12288},
        "ml.p2.8xlarge": {"Count": 8, "TotalGpuMemoryInMiB": 98304},
        "ml.p2.16xlarge": {"Count": 16, "TotalGpuMemoryInMiB": 196608},
        "ml.g4dn.xlarge": {"Count": 1, "TotalGpuMemoryInMiB": 16384},
        "ml.g4dn.2xlarge": {"Count": 1, "TotalGpuMemoryInMiB": 16384},
        "ml.g4dn.4xlarge": {"Count": 1, "TotalGpuMemoryInMiB": 16384},
        "ml.g4dn.8xlarge": {"Count": 1, "TotalGpuMemoryInMiB": 16384},
        "ml.g4dn.16xlarge": {"Count": 1, "TotalGpuMemoryInMiB": 16384},
        "ml.g4dn.12xlarge": {"Count": 4, "TotalGpuMemoryInMiB": 65536},
        "ml.g5n.xlarge": {"Count": 1, "TotalGpuMemoryInMiB": 24576},
        "ml.g5.2xlarge": {"Count": 1, "TotalGpuMemoryInMiB": 24576},
        "ml.g5.4xlarge": {"Count": 1, "TotalGpuMemoryInMiB": 24576},
        "ml.g5.8xlarge": {"Count": 1, "TotalGpuMemoryInMiB": 24576},
        "ml.g5.16xlarge": {"Count": 1, "TotalGpuMemoryInMiB": 24576},
        "ml.g5.12xlarge": {"Count": 4, "TotalGpuMemoryInMiB": 98304},
        "ml.g5.24xlarge": {"Count": 4, "TotalGpuMemoryInMiB": 98304},
        "ml.g5.48xlarge": {"Count": 8, "TotalGpuMemoryInMiB": 183104}
    },
    "us-east-2": {
        "ml.p5.48xlarge": {"Count": 8, "TotalGpuMemoryInMiB": 655360},
        "ml.p4d.24xlarge": {"Count": 8, "TotalGpuMemoryInMiB": 327680},
        "ml.p4de.24xlarge": {"Count": 8, "TotalGpuMemoryInMiB": 655360},
        "ml.p3.2xlarge": {"Count": 1, "TotalGpuMemoryInMiB": 16384},
        "ml.p3.8xlarge": {"Count": 4, "TotalGpuMemoryInMiB": 65536},
        "ml.p3.16xlarge": {"Count": 8, "TotalGpuMemoryInMiB": 131072},
        "ml.p3dn.24xlarge": {"Count": 8, "TotalGpuMemoryInMiB": 262144},
        "ml.p2.xlarge": {"Count": 1, "TotalGpuMemoryInMiB": 12288},
        "ml.p2.8xlarge": {"Count": 8, "TotalGpuMemoryInMiB": 98304},
        "ml.p2.16xlarge": {"Count": 16, "TotalGpuMemoryInMiB": 196608},
        "ml.g4dn.xlarge": {"Count": 1, "TotalGpuMemoryInMiB": 16384},
        "ml.g4dn.2xlarge": {"Count": 1, "TotalGpuMemoryInMiB": 16384},
        "ml.g4dn.4xlarge": {"Count": 1, "TotalGpuMemoryInMiB": 16384},
        "ml.g4dn.8xlarge": {"Count": 1, "TotalGpuMemoryInMiB": 16384},
        "ml.g4dn.16xlarge": {"Count": 1, "TotalGpuMemoryInMiB": 16384},
        "ml.g4dn.12xlarge": {"Count": 4, "TotalGpuMemoryInMiB": 65536},
        "ml.g5n.xlarge": {"Count": 1, "TotalGpuMemoryInMiB": 24576},
        "ml.g5.2xlarge": {"Count": 1, "TotalGpuMemoryInMiB": 24576},
        "ml.g5.4xlarge": {"Count": 1, "TotalGpuMemoryInMiB": 24576},
        "ml.g5.8xlarge": {"Count": 1, "TotalGpuMemoryInMiB": 24576},
        "ml.g5.16xlarge": {"Count": 1, "TotalGpuMemoryInMiB": 24576},
        "ml.g5.12xlarge": {"Count": 4, "TotalGpuMemoryInMiB": 98304},
        "ml.g5.24xlarge": {"Count": 4, "TotalGpuMemoryInMiB": 98304},
        "ml.g5.48xlarge": {"Count": 8, "TotalGpuMemoryInMiB": 183104}
    },
    "us-gov-east-1": {
        "ml.p5.48xlarge": {"Count": 8, "TotalGpuMemoryInMiB": 655360},
        "ml.p4d.24xlarge": {"Count": 8, "TotalGpuMemoryInMiB": 327680},
        "ml.p4de.24xlarge": {"Count": 8, "TotalGpuMemoryInMiB": 655360},
        "ml.p3.2xlarge": {"Count": 1, "TotalGpuMemoryInMiB": 16384},
        "ml.p3.8xlarge": {"Count": 4, "TotalGpuMemoryInMiB": 65536},
        "ml.p3.16xlarge": {"Count": 8, "TotalGpuMemoryInMiB": 131072},
        "ml.p3dn.24xlarge": {"Count": 8, "TotalGpuMemoryInMiB": 262144},
        "ml.p2.xlarge": {"Count": 1, "TotalGpuMemoryInMiB": 12288},
        "ml.p2.8xlarge": {"Count": 8, "TotalGpuMemoryInMiB": 98304},
        "ml.p2.16xlarge": {"Count": 16, "TotalGpuMemoryInMiB": 196608},
        "ml.g4dn.xlarge": {"Count": 1, "TotalGpuMemoryInMiB": 16384},
        "ml.g4dn.2xlarge": {"Count": 1, "TotalGpuMemoryInMiB": 16384},
        "ml.g4dn.4xlarge": {"Count": 1, "TotalGpuMemoryInMiB": 16384},
        "ml.g4dn.8xlarge": {"Count": 1, "TotalGpuMemoryInMiB": 16384},
        "ml.g4dn.16xlarge": {"Count": 1, "TotalGpuMemoryInMiB": 16384},
        "ml.g4dn.12xlarge": {"Count": 4, "TotalGpuMemoryInMiB": 65536},
        "ml.g5n.xlarge": {"Count": 1, "TotalGpuMemoryInMiB": 24576},
        "ml.g5.2xlarge": {"Count": 1, "TotalGpuMemoryInMiB": 24576},
        "ml.g5.4xlarge": {"Count": 1, "TotalGpuMemoryInMiB": 24576},
        "ml.g5.8xlarge": {"Count": 1, "TotalGpuMemoryInMiB": 24576},
        "ml.g5.16xlarge": {"Count": 1, "TotalGpuMemoryInMiB": 24576},
        "ml.g5.12xlarge": {"Count": 4, "TotalGpuMemoryInMiB": 98304},
        "ml.g5.24xlarge": {"Count": 4, "TotalGpuMemoryInMiB": 98304},
        "ml.g5.48xlarge": {"Count": 8, "TotalGpuMemoryInMiB": 183104}
    },
    "us-gov-west-1": {
        "ml.p5.48xlarge": {"Count": 8, "TotalGpuMemoryInMiB": 655360},
        "ml.p4d.24xlarge": {"Count": 8, "TotalGpuMemoryInMiB": 327680},
        "ml.p4de.24xlarge": {"Count": 8, "TotalGpuMemoryInMiB": 655360},
        "ml.p3.2xlarge": {"Count": 1, "TotalGpuMemoryInMiB": 16384},
        "ml.p3.8xlarge": {"Count": 4, "TotalGpuMemoryInMiB": 65536},
        "ml.p3.16xlarge": {"Count": 8, "TotalGpuMemoryInMiB": 131072},
        "ml.p3dn.24xlarge": {"Count": 8, "TotalGpuMemoryInMiB": 262144},
        "ml.p2.xlarge": {"Count": 1, "TotalGpuMemoryInMiB": 12288},
        "ml.p2.8xlarge": {"Count": 8, "TotalGpuMemoryInMiB": 98304},
        "ml.p2.16xlarge": {"Count": 16, "TotalGpuMemoryInMiB": 196608},
        "ml.g4dn.xlarge": {"Count": 1, "TotalGpuMemoryInMiB": 16384},
        "ml.g4dn.2xlarge": {"Count": 1, "TotalGpuMemoryInMiB": 16384},
        "ml.g4dn.4xlarge": {"Count": 1, "TotalGpuMemoryInMiB": 16384},
        "ml.g4dn.8xlarge": {"Count": 1, "TotalGpuMemoryInMiB": 16384},
        "ml.g4dn.16xlarge": {"Count": 1, "TotalGpuMemoryInMiB": 16384},
        "ml.g4dn.12xlarge": {"Count": 4, "TotalGpuMemoryInMiB": 65536},
        "ml.g5n.xlarge": {"Count": 1, "TotalGpuMemoryInMiB": 24576},
        "ml.g5.2xlarge": {"Count": 1, "TotalGpuMemoryInMiB": 24576},
        "ml.g5.4xlarge": {"Count": 1, "TotalGpuMemoryInMiB": 24576},
        "ml.g5.8xlarge": {"Count": 1, "TotalGpuMemoryInMiB": 24576},
        "ml.g5.16xlarge": {"Count": 1, "TotalGpuMemoryInMiB": 24576},
        "ml.g5.12xlarge": {"Count": 4, "TotalGpuMemoryInMiB": 98304},
        "ml.g5.24xlarge": {"Count": 4, "TotalGpuMemoryInMiB": 98304},
        "ml.g5.48xlarge": {"Count": 8, "TotalGpuMemoryInMiB": 183104}
    },
    "us-west-1": {
        "ml.p5.48xlarge": {"Count": 8, "TotalGpuMemoryInMiB": 655360},
        "ml.p4d.24xlarge": {"Count": 8, "TotalGpuMemoryInMiB": 327680},
        "ml.p4de.24xlarge": {"Count": 8, "TotalGpuMemoryInMiB": 655360},
        "ml.p3.2xlarge": {"Count": 1, "TotalGpuMemoryInMiB": 16384},
        "ml.p3.8xlarge": {"Count": 4, "TotalGpuMemoryInMiB": 65536},
        "ml.p3.16xlarge": {"Count": 8, "TotalGpuMemoryInMiB": 131072},
        "ml.p3dn.24xlarge": {"Count": 8, "TotalGpuMemoryInMiB": 262144},
        "ml.p2.xlarge": {"Count": 1, "TotalGpuMemoryInMiB": 12288},
        "ml.p2.8xlarge": {"Count": 8, "TotalGpuMemoryInMiB": 98304},
        "ml.p2.16xlarge": {"Count": 16, "TotalGpuMemoryInMiB": 196608},
        "ml.g4dn.xlarge": {"Count": 1, "TotalGpuMemoryInMiB": 16384},
        "ml.g4dn.2xlarge": {"Count": 1, "TotalGpuMemoryInMiB": 16384},
        "ml.g4dn.4xlarge": {"Count": 1, "TotalGpuMemoryInMiB": 16384},
        "ml.g4dn.8xlarge": {"Count": 1, "TotalGpuMemoryInMiB": 16384},
        "ml.g4dn.16xlarge": {"Count": 1, "TotalGpuMemoryInMiB": 16384},
        "ml.g4dn.12xlarge": {"Count": 4, "TotalGpuMemoryInMiB": 65536},
        "ml.g5n.xlarge": {"Count": 1, "TotalGpuMemoryInMiB": 24576},
        "ml.g5.2xlarge": {"Count": 1, "TotalGpuMemoryInMiB": 24576},
        "ml.g5.4xlarge": {"Count": 1, "TotalGpuMemoryInMiB": 24576},
        "ml.g5.8xlarge": {"Count": 1, "TotalGpuMemoryInMiB": 24576},
        "ml.g5.16xlarge": {"Count": 1, "TotalGpuMemoryInMiB": 24576},
        "ml.g5.12xlarge": {"Count": 4, "TotalGpuMemoryInMiB": 98304},
        "ml.g5.24xlarge": {"Count": 4, "TotalGpuMemoryInMiB": 98304},
        "ml.g5.48xlarge": {"Count": 8, "TotalGpuMemoryInMiB": 183104}
    },
    "us-west-2": {
        "ml.p5.48xlarge": {"Count": 8, "TotalGpuMemoryInMiB": 655360},
        "ml.p4d.24xlarge": {"Count": 8, "TotalGpuMemoryInMiB": 327680},
        "ml.p4de.24xlarge": {"Count": 8, "TotalGpuMemoryInMiB": 655360},
        "ml.p3.2xlarge": {"Count": 1, "TotalGpuMemoryInMiB": 16384},
        "ml.p3.8xlarge": {"Count": 4, "TotalGpuMemoryInMiB": 65536},
        "ml.p3.16xlarge": {"Count": 8, "TotalGpuMemoryInMiB": 131072},
        "ml.p3dn.24xlarge": {"Count": 8, "TotalGpuMemoryInMiB": 262144},
        "ml.p2.xlarge": {"Count": 1, "TotalGpuMemoryInMiB": 12288},
        "ml.p2.8xlarge": {"Count": 8, "TotalGpuMemoryInMiB": 98304},
        "ml.p2.16xlarge": {"Count": 16, "TotalGpuMemoryInMiB": 196608},
        "ml.g4dn.xlarge": {"Count": 1, "TotalGpuMemoryInMiB": 16384},
        "ml.g4dn.2xlarge": {"Count": 1, "TotalGpuMemoryInMiB": 16384},
        "ml.g4dn.4xlarge": {"Count": 1, "TotalGpuMemoryInMiB": 16384},
        "ml.g4dn.8xlarge": {"Count": 1, "TotalGpuMemoryInMiB": 16384},
        "ml.g4dn.16xlarge": {"Count": 1, "TotalGpuMemoryInMiB": 16384},
        "ml.g4dn.12xlarge": {"Count": 4, "TotalGpuMemoryInMiB": 65536},
        "ml.g5n.xlarge": {"Count": 1, "TotalGpuMemoryInMiB": 24576},
        "ml.g5.2xlarge": {"Count": 1, "TotalGpuMemoryInMiB": 24576},
        "ml.g5.4xlarge": {"Count": 1, "TotalGpuMemoryInMiB": 24576},
        "ml.g5.8xlarge": {"Count": 1, "TotalGpuMemoryInMiB": 24576},
        "ml.g5.16xlarge": {"Count": 1, "TotalGpuMemoryInMiB": 24576},
        "ml.g5.12xlarge": {"Count": 4, "TotalGpuMemoryInMiB": 98304},
        "ml.g5.24xlarge": {"Count": 4, "TotalGpuMemoryInMiB": 98304},
        "ml.g5.48xlarge": {"Count": 8, "TotalGpuMemoryInMiB": 183104}
    }
}