{
    "training": {
        "processors": [
            "trn"
        ],
        "version_aliases": {
            "4.28": "4.28.1",
            "4.34": "4.34.1",
            "4.36": "4.36.2"
        },
        "versions": {
            "4.28.1": {
                "version_aliases": {
                    "pytorch1.13": "pytorch1.13.0"
                },
                "pytorch1.13.0": {
                    "py_versions": [
                        "py38"
                    ],
                    "repository": "huggingface-pytorch-training-neuronx",
                    "registries": {
                        "ap-northeast-1": "763104351884",
                        "ap-south-1": "763104351884",
                        "ap-south-2": "772153158452",
                        "ap-southeast-1": "763104351884",
                        "ap-southeast-2": "763104351884",
                        "ap-southeast-4": "457447274322",
                        "ap-southeast-5": "550225433462",
                        "ap-southeast-7": "590183813437",
                        "cn-north-1": "727897471807",
                        "cn-northwest-1": "727897471807",
                        "eu-central-1": "763104351884",
                        "eu-central-2": "380420809688",
                        "eu-south-2": "503227376785",
                        "eu-west-1": "763104351884",
                        "eu-west-3": "763104351884",
                        "il-central-1": "780543022126",
                        "mx-central-1":"637423239942",
                        "sa-east-1": "763104351884",
                        "us-east-1": "763104351884",
                        "us-east-2": "763104351884",
                        "us-gov-east-1": "446045086412",
                        "us-gov-west-1": "442386744353",
                        "us-west-2": "763104351884",
                        "ca-west-1": "204538143572"
                    },
                    "container_version": {
                        "trn": "ubuntu20.04"
                    },
                    "sdk_versions": [
                        "sdk2.9.1"
                    ]
                }
            },
            "4.34.1": {
                "version_aliases": {
                    "pytorch1.13": "pytorch1.13.1"
                },
                "pytorch1.13.1": {
                    "py_versions": [
                        "py310"
                    ],
                    "repository": "huggingface-pytorch-inference-neuronx",
                    "registries": {
                        "ap-northeast-1": "763104351884",
                        "ap-south-1": "763104351884",
                        "ap-south-2": "772153158452",
                        "ap-southeast-1": "763104351884",
                        "ap-southeast-2": "763104351884",
                        "ap-southeast-4": "457447274322",
                        "ap-southeast-5": "550225433462",
                        "ap-southeast-7": "590183813437",
                        "cn-north-1": "727897471807",
                        "cn-northwest-1": "727897471807",
                        "eu-central-1": "763104351884",
                        "eu-central-2": "380420809688",
                        "eu-south-2": "503227376785",
                        "eu-west-1": "763104351884",
                        "eu-west-3": "763104351884",
                        "il-central-1": "780543022126",
                        "mx-central-1":"637423239942",
                        "sa-east-1": "763104351884",
                        "us-east-1": "763104351884",
                        "us-east-2": "763104351884",
                        "us-gov-east-1": "446045086412",
                        "us-gov-west-1": "442386744353",
                        "us-west-2": "763104351884",
                        "ca-west-1": "204538143572"
                    },
                    "container_version": {
                        "inf": "ubuntu20.04"
                    },
                    "sdk_versions": [
                        "sdk2.15.0"
                    ]
                }
            },
            "4.36.2": {
                "version_aliases": {
                    "pytorch1.13": "pytorch1.13.1"
                },
                "pytorch1.13.1": {
                    "py_versions": [
                        "py310"
                    ],
                    "repository": "huggingface-pytorch-inference-neuronx",
                    "registries": {
                        "ap-northeast-1": "763104351884",
                        "ap-south-1": "763104351884",
                        "ap-south-2": "772153158452",
                        "ap-southeast-1": "763104351884",
                        "ap-southeast-2": "763104351884",
                        "ap-southeast-4": "457447274322",
                        "ap-southeast-5": "550225433462",
                        "ap-southeast-7": "590183813437",
                        "cn-north-1": "727897471807",
                        "cn-northwest-1": "727897471807",
                        "eu-central-1": "763104351884",
                        "eu-central-2": "380420809688",
                        "eu-south-2": "503227376785",
                        "eu-west-1": "763104351884",
                        "eu-west-3": "763104351884",
                        "il-central-1": "780543022126",
                        "mx-central-1":"637423239942",
                        "sa-east-1": "763104351884",
                        "us-east-1": "763104351884",
                        "us-east-2": "763104351884",
                        "us-gov-east-1": "446045086412",
                        "us-gov-west-1": "442386744353",
                        "us-west-2": "763104351884",
                        "ca-west-1": "204538143572"
                    },
                    "container_version": {
                        "inf": "ubuntu20.04"
                    },
                    "sdk_versions": [
                        "sdk2.18.0"
                    ]
                }
            }
        }
    },
    "inference": {
        "processors": [
            "inf"
        ],
        "version_aliases": {
            "4.28": "4.28.1",
            "4.34": "4.34.1",
            "4.36": "4.36.2"
        },
        "versions": {
            "4.28.1": {
                "version_aliases": {
                    "pytorch1.13": "pytorch1.13.0"
                },
                "pytorch1.13.0": {
                    "py_versions": [
                        "py38"
                    ],
                    "repository": "huggingface-pytorch-inference-neuronx",
                    "registries": {
                        "af-south-1": "626614931356",
                        "il-central-1": "780543022126",
                        "ap-east-1": "871362719292",
                        "ap-northeast-1": "763104351884",
                        "ap-northeast-2": "763104351884",
                        "ap-northeast-3": "364406365360",
                        "ap-south-1": "763104351884",
                        "ap-south-2": "772153158452",
                        "ap-southeast-1": "763104351884",
                        "ap-southeast-2": "763104351884",
                        "ap-southeast-4": "457447274322",
                        "ap-southeast-5": "550225433462",
                        "ap-southeast-7": "590183813437",
                        "ca-central-1": "763104351884",
                        "cn-north-1": "727897471807",
                        "cn-northwest-1": "727897471807",
                        "eu-central-1": "763104351884",
                        "eu-central-2": "380420809688",
                        "eu-north-1": "763104351884",
                        "eu-west-1": "763104351884",
                        "eu-west-2": "763104351884",
                        "eu-west-3": "763104351884",
                        "eu-south-1": "692866216735",
                        "eu-south-2": "503227376785",
                        "me-south-1": "217643126080",
                        "mx-central-1":"637423239942",
                        "sa-east-1": "763104351884",
                        "us-east-1": "763104351884",
                        "us-east-2": "763104351884",
                        "us-gov-east-1": "446045086412",
                        "us-gov-west-1": "442386744353",
                        "us-iso-east-1": "886529160074",
                        "us-isob-east-1": "094389454867",
                        "us-west-1": "763104351884",
                        "us-west-2": "763104351884",
                        "ca-west-1": "204538143572"
                    },
                    "container_version": {
                        "inf": "ubuntu20.04"
                    },
                    "sdk_versions": [
                        "sdk2.9.1"
                    ]
                }
            },
            "4.34.1": {
                "version_aliases": {
                    "pytorch1.13": "pytorch1.13.1"
                },
                "pytorch1.13.1": {
                    "py_versions": [
                        "py310"
                    ],
                    "repository": "huggingface-pytorch-inference-neuronx",
                    "registries": {
                        "af-south-1": "626614931356",
                        "il-central-1": "780543022126",
                        "ap-east-1": "871362719292",
                        "ap-northeast-1": "763104351884",
                        "ap-northeast-2": "763104351884",
                        "ap-northeast-3": "364406365360",
                        "ap-south-1": "763104351884",
                        "ap-south-2": "772153158452",
                        "ap-southeast-1": "763104351884",
                        "ap-southeast-2": "763104351884",
                        "ap-southeast-4": "457447274322",
                        "ap-southeast-5": "550225433462",
                        "ap-southeast-7": "590183813437",
                        "ca-central-1": "763104351884",
                        "cn-north-1": "727897471807",
                        "cn-northwest-1": "727897471807",
                        "eu-central-1": "763104351884",
                        "eu-central-2": "380420809688",
                        "eu-north-1": "763104351884",
                        "eu-west-1": "763104351884",
                        "eu-west-2": "763104351884",
                        "eu-west-3": "763104351884",
                        "eu-south-1": "692866216735",
                        "eu-south-2": "503227376785",
                        "me-south-1": "217643126080",
                        "mx-central-1":"637423239942",
                        "sa-east-1": "763104351884",
                        "us-east-1": "763104351884",
                        "us-east-2": "763104351884",
                        "us-gov-east-1": "446045086412",
                        "us-gov-west-1": "442386744353",
                        "us-iso-east-1": "886529160074",
                        "us-isob-east-1": "094389454867",
                        "us-west-1": "763104351884",
                        "us-west-2": "763104351884",
                        "ca-west-1": "204538143572"
                    },
                    "container_version": {
                        "inf": "ubuntu20.04"
                    },
                    "sdk_versions": [
                        "sdk2.15.0"
                    ]
                }
            },
            "4.36.2": {
                "version_aliases": {
                    "pytorch1.13": "pytorch1.13.1",
                    "pytorch2.1": "pytorch2.1.2"
                },
                "pytorch1.13.1": {
                    "py_versions": [
                        "py310"
                    ],
                    "repository": "huggingface-pytorch-inference-neuronx",
                    "registries": {
                        "af-south-1": "626614931356",
                        "il-central-1": "780543022126",
                        "ap-east-1": "871362719292",
                        "ap-northeast-1": "763104351884",
                        "ap-northeast-2": "763104351884",
                        "ap-northeast-3": "364406365360",
                        "ap-south-1": "763104351884",
                        "ap-south-2": "772153158452",
                        "ap-southeast-1": "763104351884",
                        "ap-southeast-2": "763104351884",
                        "ap-southeast-4": "457447274322",
                        "ap-southeast-5": "550225433462",
                        "ap-southeast-7": "590183813437",
                        "ca-central-1": "763104351884",
                        "cn-north-1": "727897471807",
                        "cn-northwest-1": "727897471807",
                        "eu-central-1": "763104351884",
                        "eu-central-2": "380420809688",
                        "eu-north-1": "763104351884",
                        "eu-west-1": "763104351884",
                        "eu-west-2": "763104351884",
                        "eu-west-3": "763104351884",
                        "eu-south-1": "692866216735",
                        "eu-south-2": "503227376785",
                        "me-south-1": "217643126080",
                        "mx-central-1":"637423239942",
                        "sa-east-1": "763104351884",
                        "us-east-1": "763104351884",
                        "us-east-2": "763104351884",
                        "us-gov-east-1": "446045086412",
                        "us-gov-west-1": "442386744353",
                        "us-iso-east-1": "886529160074",
                        "us-isob-east-1": "094389454867",
                        "us-west-1": "763104351884",
                        "us-west-2": "763104351884",
                        "ca-west-1": "204538143572"
                    },
                    "container_version": {
                        "inf": "ubuntu20.04"
                    },
                    "sdk_versions": [
                        "sdk2.16.1"
                    ]
                },
                "pytorch2.1.2": {
                    "py_versions": [
                        "py310"
                    ],
                    "repository": "huggingface-pytorch-inference-neuronx",
                    "registries": {
                        "af-south-1": "626614931356",
                        "il-central-1": "780543022126",
                        "ap-east-1": "871362719292",
                        "ap-northeast-1": "763104351884",
                        "ap-northeast-2": "763104351884",
                        "ap-northeast-3": "364406365360",
                        "ap-south-1": "763104351884",
                        "ap-south-2": "772153158452",
                        "ap-southeast-1": "763104351884",
                        "ap-southeast-2": "763104351884",
                        "ap-southeast-4": "457447274322",
                        "ap-southeast-5": "550225433462",
                        "ap-southeast-7": "590183813437",
                        "ca-central-1": "763104351884",
                        "cn-north-1": "727897471807",
                        "cn-northwest-1": "727897471807",
                        "eu-central-1": "763104351884",
                        "eu-central-2": "380420809688",
                        "eu-north-1": "763104351884",
                        "eu-west-1": "763104351884",
                        "eu-west-2": "763104351884",
                        "eu-west-3": "763104351884",
                        "eu-south-1": "692866216735",
                        "eu-south-2": "503227376785",
                        "me-south-1": "217643126080",
                        "mx-central-1":"637423239942",
                        "sa-east-1": "763104351884",
                        "us-east-1": "763104351884",
                        "us-east-2": "763104351884",
                        "us-gov-east-1": "446045086412",
                        "us-gov-west-1": "442386744353",
                        "us-iso-east-1": "886529160074",
                        "us-isob-east-1": "094389454867",
                        "us-west-1": "763104351884",
                        "us-west-2": "763104351884",
                        "ca-west-1": "204538143572"
                    },
                    "container_version": {
                        "inf": "ubuntu20.04"
                    },
                    "sdk_versions": [
                        "sdk2.18.0"
                    ]
                }
            }
        }
    }
}