{
	"text-classification": {
		"sample_inputs": {
			"properties": {
				"inputs": "Where is the capital of France?, Paris is the capital of France.",
				"parameters": {}
			}
		},
		"sample_outputs": {
			"properties": [
				{
					"label": "entailment",
					"score": 0.997
				}
			]
		}
	},
	"text-generation": {
		"sample_inputs": {
			"properties": {
				"inputs": "Hello, I'm a language model",
				"parameters": {}
			}
		},
		"sample_outputs": {
			"properties": [
			{
				"generated_text": "Hello, I'm a language modeler. So while writing this, when I went out to meet my wife or come home she told me that my"
			}
			]
		}
	}
}
