{
    "inference": {
        "processors": [
            "inf"
        ],
        "version_aliases": {
            "4.12": "4.12.3"
        },
        "versions": {
            "4.12.3": {
                "version_aliases": {
                    "pytorch1.9": "pytorch1.9.1"
                },
                "pytorch1.9.1": {
                    "py_versions": [
                        "py37"
                    ],
                    "repository": "huggingface-pytorch-inference-neuron",
                    "registries": {
                        "ap-northeast-1": "763104351884",
                        "ap-south-1": "763104351884",
                        "ap-south-2": "772153158452",
                        "ap-southeast-1": "763104351884",
                        "ap-southeast-2": "763104351884",
                        "ap-southeast-4": "457447274322",
                        "ap-southeast-5": "550225433462",
                        "ap-southeast-7": "590183813437",
                        "eu-central-1": "763104351884",
                        "eu-central-2": "380420809688",
                        "eu-south-2": "503227376785",
                        "eu-west-1": "763104351884",
                        "eu-west-3": "763104351884",
                        "il-central-1": "780543022126",
                        "mx-central-1":"637423239942",
                        "sa-east-1": "763104351884",
                        "us-east-1": "763104351884",
                        "us-east-2": "763104351884",
                        "us-west-2": "763104351884",
                        "ca-west-1": "204538143572"
                    },
                    "container_version": {
                        "inf": "ubuntu18.04"
                    },
                    "sdk_versions": [
                        "sdk1.17.1"
                    ]
                }
            }
        }
    }
}