{
    "training": {
        "processors": [
            "gpu"
        ],
        "version_aliases": {
            "4.11": "4.11.0",
            "4.17": "4.17.0",
            "4.21": "4.21.1"
        },
        "versions": {
            "4.11.0": {
                "version_aliases": {
                    "pytorch1.9": "pytorch1.9.0",
                    "tensorflow2.5": "tensorflow2.5.1"
                },
                "pytorch1.9.0": {
                    "py_versions": [
                        "py38"
                    ],
                    "registries": {
                        "eu-west-1": "763104351884",
                        "us-east-1": "763104351884",
                        "us-east-2": "763104351884",
                        "us-west-2": "763104351884",
                        "ca-west-1": "204538143572"
                    },
                    "repository": "huggingface-pytorch-trcomp-training",
                    "container_version": {
                        "gpu": "cu111-ubuntu20.04"
                    }
                },
                "tensorflow2.5.1": {
                    "py_versions": [
                        "py37"
                    ],
                    "registries": {
                        "eu-west-1": "763104351884",
                        "us-east-1": "763104351884",
                        "us-east-2": "763104351884",
                        "us-west-2": "763104351884",
                        "ca-west-1": "204538143572"
                    },
                    "repository": "huggingface-tensorflow-trcomp-training",
                    "container_version": {
                        "gpu": "cu112-ubuntu18.04"
                    }
                }
            },
            "4.17.0": {
                "version_aliases": {
                    "pytorch1.10": "pytorch1.10.2",
                    "tensorflow2.6": "tensorflow2.6.3"
                },
                "pytorch1.10.2": {
                    "py_versions": [
                        "py38"
                    ],
                    "registries": {
                        "af-south-1": "626614931356",
                        "il-central-1": "780543022126",
                        "ap-east-1": "871362719292",
                        "ap-northeast-1": "763104351884",
                        "ap-northeast-2": "763104351884",
                        "ap-northeast-3": "364406365360",
                        "ap-south-1": "763104351884",
                        "ap-south-2": "772153158452",
                        "ap-southeast-1": "763104351884",
                        "ap-southeast-2": "763104351884",
                        "ap-southeast-3": "907027046896",
                        "ap-southeast-4": "457447274322",
                        "ap-southeast-5": "550225433462",
                        "ap-southeast-7": "590183813437",
                        "ca-central-1": "763104351884",
                        "eu-central-1": "763104351884",
                        "eu-central-2": "380420809688",
                        "eu-north-1": "763104351884",
                        "eu-south-1": "692866216735",
                        "eu-south-2": "503227376785",
                        "eu-west-1": "763104351884",
                        "eu-west-2": "763104351884",
                        "eu-west-3": "763104351884",
                        "me-south-1": "217643126080",
                        "me-central-1": "914824155844",
                        "mx-central-1":"637423239942",
                        "sa-east-1": "763104351884",
                        "us-east-1": "763104351884",
                        "us-east-2": "763104351884",
                        "us-west-1": "763104351884",
                        "us-west-2": "763104351884",
                        "ca-west-1": "204538143572"
                    },
                    "repository": "huggingface-pytorch-trcomp-training",
                    "container_version": {
                        "gpu": "cu113-ubuntu20.04"
                    }
                },
                "tensorflow2.6.3": {
                    "py_versions": [
                        "py38"
                    ],
                    "registries": {
                        "af-south-1": "626614931356",
                        "il-central-1": "780543022126",
                        "ap-east-1": "871362719292",
                        "ap-northeast-1": "763104351884",
                        "ap-northeast-2": "763104351884",
                        "ap-northeast-3": "364406365360",
                        "ap-south-1": "763104351884",
                        "ap-south-2": "772153158452",
                        "ap-southeast-1": "763104351884",
                        "ap-southeast-2": "763104351884",
                        "ap-southeast-3": "907027046896",
                        "ap-southeast-4": "457447274322",
                        "ap-southeast-5": "550225433462",
                        "ap-southeast-7": "590183813437",
                        "ca-central-1": "763104351884",
                        "eu-central-1": "763104351884",
                        "eu-central-2": "380420809688",
                        "eu-north-1": "763104351884",
                        "eu-south-1": "692866216735",
                        "eu-south-2": "503227376785",
                        "eu-west-1": "763104351884",
                        "eu-west-2": "763104351884",
                        "eu-west-3": "763104351884",
                        "me-south-1": "217643126080",
                        "me-central-1": "914824155844",
                        "mx-central-1":"637423239942",
                        "sa-east-1": "763104351884",
                        "us-east-1": "763104351884",
                        "us-east-2": "763104351884",
                        "us-west-1": "763104351884",
                        "us-west-2": "763104351884",
                        "ca-west-1": "204538143572"
                    },
                    "repository": "huggingface-tensorflow-trcomp-training",
                    "container_version": {
                        "gpu": "cu112-ubuntu20.04"
                    }
                }
            },
            "4.21.1": {
                "version_aliases": {
                    "pytorch1.11": "pytorch1.11.0"
                },
                "pytorch1.11.0": {
                    "py_versions": [
                        "py38"
                    ],
                    "registries": {
                        "af-south-1": "626614931356",
                        "il-central-1": "780543022126",
                        "ap-east-1": "871362719292",
                        "ap-northeast-1": "763104351884",
                        "ap-northeast-2": "763104351884",
                        "ap-northeast-3": "364406365360",
                        "ap-south-1": "763104351884",
                        "ap-south-2": "772153158452",
                        "ap-southeast-1": "763104351884",
                        "ap-southeast-2": "763104351884",
                        "ap-southeast-3": "907027046896",
                        "ap-southeast-4": "457447274322",
                        "ap-southeast-5": "550225433462",
                        "ap-southeast-7": "590183813437",
                        "ca-central-1": "763104351884",
                        "eu-central-1": "763104351884",
                        "eu-central-2": "380420809688",
                        "eu-north-1": "763104351884",
                        "eu-south-1": "692866216735",
                        "eu-south-2": "503227376785",
                        "eu-west-1": "763104351884",
                        "eu-west-2": "763104351884",
                        "eu-west-3": "763104351884",
                        "me-south-1": "217643126080",
                        "me-central-1": "914824155844",
                        "mx-central-1":"637423239942",
                        "sa-east-1": "763104351884",
                        "us-east-1": "763104351884",
                        "us-east-2": "763104351884",
                        "us-west-1": "763104351884",
                        "us-west-2": "763104351884",
                        "ca-west-1": "204538143572"
                    },
                    "repository": "huggingface-pytorch-trcomp-training",
                    "container_version": {
                        "gpu": "cu113-ubuntu20.04"
                    }
                }
            }
        }
    }
}