{
    "training": {
        "processors": [
            "neuronx"
        ],
        "version_aliases": {
            "2.1.2": "2.1.2"
        },
        "versions": {
            "2.1.2": {
                "py_versions": [
                    "py310"
                ],
                "repository": "pytorch-training-neuronx",
                "registries": {
                    "af-south-1": "626614931356",
                    "ap-east-1": "871362719292",
                    "ap-northeast-1": "763104351884",
                    "ap-northeast-2": "763104351884",
                    "ap-northeast-3": "364406365360",
                    "ap-south-1": "763104351884",
                    "ap-south-2": "772153158452",
                    "ap-southeast-1": "763104351884",
                    "ap-southeast-2": "763104351884",
                    "ap-southeast-3": "907027046896",
                    "ap-southeast-4": "457447274322",
                    "eu-central-1": "763104351884",
                    "eu-central-2": "380420809688",
                    "eu-north-1": "763104351884",
                    "eu-south-2": "503227376785",
                    "eu-west-1": "763104351884",
                    "eu-west-2": "763104351884",
                    "eu-west-3": "763104351884",
                    "il-central-1": "780543022126",
                    "sa-east-1": "763104351884",
                    "us-east-1": "763104351884",
                    "us-east-2": "763104351884",
                    "us-west-1": "763104351884",
                    "us-west-2": "763104351884",
                    "ca-west-1": "204538143572",
                    "ca-central-1": "763104351884"
                },
                "container_version": {
                    "neuronx": "ubuntu20.04"
                },
                "sdk_versions": [
                    "sdk2.20.2"
                ]
            }
        }
    }
}
