{
    "training": {
        "processors": [
            "gpu"
        ],
        "version_aliases": {
            "2.0": "2.0.1",
            "2.1": "2.1.2",
            "2.2": "2.3.1",
            "2.2.0": "2.3.1",
            "2.3.1": "2.5.0",
            "2.4.1": "2.7.0",
            "2.5.1": "2.8.0"
        },
        "versions": {
            "2.0.1": {
                "py_versions": [
                    "py310"
                ],
                "registries": {
                    "ap-northeast-1": "658645717510",
                    "ap-northeast-2": "658645717510",
                    "ap-northeast-3": "658645717510",
                    "ap-south-1": "658645717510",
                    "ap-southeast-1": "658645717510",
                    "ap-southeast-2": "658645717510",
                    "ca-central-1": "658645717510",
                    "eu-central-1": "658645717510",
                    "eu-north-1": "658645717510",
                    "eu-west-1": "658645717510",
                    "eu-west-2": "658645717510",
                    "eu-west-3": "658645717510",
                    "sa-east-1": "658645717510",
                    "us-east-1": "658645717510",
                    "us-east-2": "658645717510",
                    "us-west-1": "658645717510",
                    "us-west-2": "658645717510"
                },
                "repository": "smdistributed-modelparallel"
            },
            "2.1.2": {
                "py_versions": [
                    "py310"
                ],
                "registries": {
                    "ap-northeast-1": "658645717510",
                    "ap-northeast-2": "658645717510",
                    "ap-northeast-3": "658645717510",
                    "ap-south-1": "658645717510",
                    "ap-southeast-1": "658645717510",
                    "ap-southeast-2": "658645717510",
                    "ca-central-1": "658645717510",
                    "eu-central-1": "658645717510",
                    "eu-north-1": "658645717510",
                    "eu-west-1": "658645717510",
                    "eu-west-2": "658645717510",
                    "eu-west-3": "658645717510",
                    "sa-east-1": "658645717510",
                    "us-east-1": "658645717510",
                    "us-east-2": "658645717510",
                    "us-west-1": "658645717510",
                    "us-west-2": "658645717510"
                },
                "repository": "smdistributed-modelparallel"
            },
            "2.2.0": {
                "py_versions": [
                    "py310"
                ],
                "registries": {
                    "ap-northeast-1": "658645717510",
                    "ap-northeast-2": "658645717510",
                    "ap-northeast-3": "658645717510",
                    "ap-south-1": "658645717510",
                    "ap-southeast-1": "658645717510",
                    "ap-southeast-2": "658645717510",
                    "ca-central-1": "658645717510",
                    "eu-central-1": "658645717510",
                    "eu-north-1": "658645717510",
                    "eu-west-1": "658645717510",
                    "eu-west-2": "658645717510",
                    "eu-west-3": "658645717510",
                    "sa-east-1": "658645717510",
                    "us-east-1": "658645717510",
                    "us-east-2": "658645717510",
                    "us-west-1": "658645717510",
                    "us-west-2": "658645717510"
                },
                "repository": "smdistributed-modelparallel"
            },
            "2.3.0": {
                "py_versions": [
                    "py310"
                ],
                "registries": {
                    "ap-northeast-1": "658645717510",
                    "ap-northeast-2": "658645717510",
                    "ap-northeast-3": "658645717510",
                    "ap-south-1": "658645717510",
                    "ap-southeast-1": "658645717510",
                    "ap-southeast-2": "658645717510",
                    "ca-central-1": "658645717510",
                    "eu-central-1": "658645717510",
                    "eu-north-1": "658645717510",
                    "eu-west-1": "658645717510",
                    "eu-west-2": "658645717510",
                    "eu-west-3": "658645717510",
                    "sa-east-1": "658645717510",
                    "us-east-1": "658645717510",
                    "us-east-2": "658645717510",
                    "us-west-1": "658645717510",
                    "us-west-2": "658645717510"
                },
                "repository": "smdistributed-modelparallel"
            },
            "2.3.1": {
                "py_versions": [
                    "py310"
                ],
                "registries": {
                    "ap-northeast-1": "658645717510",
                    "ap-northeast-2": "658645717510",
                    "ap-northeast-3": "658645717510",
                    "ap-south-1": "658645717510",
                    "ap-southeast-1": "658645717510",
                    "ap-southeast-2": "658645717510",
                    "ca-central-1": "658645717510",
                    "eu-central-1": "658645717510",
                    "eu-north-1": "658645717510",
                    "eu-west-1": "658645717510",
                    "eu-west-2": "658645717510",
                    "eu-west-3": "658645717510",
                    "sa-east-1": "658645717510",
                    "us-east-1": "658645717510",
                    "us-east-2": "658645717510",
                    "us-west-1": "658645717510",
                    "us-west-2": "658645717510"
                },
                "repository": "smdistributed-modelparallel"
            },
            "2.5.0": {
                "py_versions": [
                    "py311"
                ],
                "registries": {
                    "ap-northeast-1": "658645717510",
                    "ap-northeast-2": "658645717510",
                    "ap-northeast-3": "658645717510",
                    "ap-south-1": "658645717510",
                    "ap-southeast-1": "658645717510",
                    "ap-southeast-2": "658645717510",
                    "ca-central-1": "658645717510",
                    "eu-central-1": "658645717510",
                    "eu-north-1": "658645717510",
                    "eu-west-1": "658645717510",
                    "eu-west-2": "658645717510",
                    "eu-west-3": "658645717510",
                    "sa-east-1": "658645717510",
                    "us-east-1": "658645717510",
                    "us-east-2": "658645717510",
                    "us-west-1": "658645717510",
                    "us-west-2": "658645717510"
                },
                "repository": "smdistributed-modelparallel"
            },
            "2.7.0": {
                "py_versions": [
                    "py311"
                ],
                "registries": {
                    "ap-northeast-1": "658645717510",
                    "ap-northeast-2": "658645717510",
                    "ap-northeast-3": "658645717510",
                    "ap-south-1": "658645717510",
                    "ap-southeast-1": "658645717510",
                    "ap-southeast-2": "658645717510",
                    "ca-central-1": "658645717510",
                    "eu-central-1": "658645717510",
                    "eu-north-1": "658645717510",
                    "eu-west-1": "658645717510",
                    "eu-west-2": "658645717510",
                    "eu-west-3": "658645717510",
                    "sa-east-1": "658645717510",
                    "us-east-1": "658645717510",
                    "us-east-2": "658645717510",
                    "us-west-1": "658645717510",
                    "us-west-2": "658645717510"
                },
                "repository": "smdistributed-modelparallel"
            },
            "2.8.0": {
                "py_versions": [
                    "py311"
                ],
                "registries": {
                    "ap-northeast-1": "658645717510",
                    "ap-northeast-2": "658645717510",
                    "ap-northeast-3": "658645717510",
                    "ap-south-1": "658645717510",
                    "ap-southeast-1": "658645717510",
                    "ap-southeast-2": "658645717510",
                    "ca-central-1": "658645717510",
                    "eu-central-1": "658645717510",
                    "eu-north-1": "658645717510",
                    "eu-west-1": "658645717510",
                    "eu-west-2": "658645717510",
                    "eu-west-3": "658645717510",
                    "sa-east-1": "658645717510",
                    "us-east-1": "658645717510",
                    "us-east-2": "658645717510",
                    "us-west-1": "658645717510",
                    "us-west-2": "658645717510"
                },
                "repository": "smdistributed-modelparallel"
            }
        }
    }
}
