{
    "training": {
        "processors": [
            "cpu",
            "gpu"
        ],
        "version_aliases": {
            "0.3": "0.3.2",
            "0.4": "0.4.3",
            "0.5": "0.5.2",
            "0.6": "0.6.2",
            "0.7": "0.7.0",
            "0.8": "0.8.2",
            "1.0": "1.0.0",
            "1.1": "1.1.1",
            "1.2": "1.2.0"
        },
        "versions": {
            "0.3.1": {
                "registries": {
                    "af-south-1": "626614931356",
                    "il-central-1": "780543022126",
                    "ap-east-1": "871362719292",
                    "ap-northeast-1": "763104351884",
                    "ap-northeast-2": "763104351884",
                    "ap-northeast-3": "364406365360",
                    "ap-south-1": "763104351884",
                    "ap-south-2": "772153158452",
                    "ap-southeast-1": "763104351884",
                    "ap-southeast-2": "763104351884",
                    "ap-southeast-3": "907027046896",
                    "ap-southeast-4": "457447274322",
                    "ca-central-1": "763104351884",
                    "eu-central-1": "763104351884",
                    "eu-central-2": "380420809688",
                    "eu-north-1": "763104351884",
                    "eu-west-1": "763104351884",
                    "eu-west-2": "763104351884",
                    "eu-west-3": "763104351884",
                    "eu-south-1": "692866216735",
                    "eu-south-2": "503227376785",
                    "me-south-1": "217643126080",
                    "me-central-1": "914824155844",
                    "sa-east-1": "763104351884",
                    "us-east-1": "763104351884",
                    "us-east-2": "763104351884",
                    "us-gov-east-1": "446045086412",
                    "us-gov-west-1": "442386744353",
                    "us-iso-east-1": "886529160074",
                    "us-isob-east-1": "094389454867",
                    "us-west-1": "763104351884",
                    "us-west-2": "763104351884",
                    "ca-west-1": "204538143572"
                },
                "repository": "autogluon-training",
                "py_versions": [
                    "py37"
                ]
            },
            "0.3.2": {
                "registries": {
                    "af-south-1": "626614931356",
                    "il-central-1": "780543022126",
                    "ap-east-1": "871362719292",
                    "ap-northeast-1": "763104351884",
                    "ap-northeast-2": "763104351884",
                    "ap-northeast-3": "364406365360",
                    "ap-south-1": "763104351884",
                    "ap-south-2": "772153158452",
                    "ap-southeast-1": "763104351884",
                    "ap-southeast-2": "763104351884",
                    "ap-southeast-3": "907027046896",
                    "ap-southeast-4": "457447274322",
                    "ca-central-1": "763104351884",
                    "eu-central-1": "763104351884",
                    "eu-central-2": "380420809688",
                    "eu-north-1": "763104351884",
                    "eu-west-1": "763104351884",
                    "eu-west-2": "763104351884",
                    "eu-west-3": "763104351884",
                    "eu-south-1": "692866216735",
                    "eu-south-2": "503227376785",
                    "me-south-1": "217643126080",
                    "me-central-1": "914824155844",
                    "sa-east-1": "763104351884",
                    "us-east-1": "763104351884",
                    "us-east-2": "763104351884",
                    "us-gov-east-1": "446045086412",
                    "us-gov-west-1": "442386744353",
                    "us-iso-east-1": "886529160074",
                    "us-isob-east-1": "094389454867",
                    "us-west-1": "763104351884",
                    "us-west-2": "763104351884",
                    "ca-west-1": "204538143572"
                },
                "repository": "autogluon-training",
                "py_versions": [
                    "py38"
                ]
            },
            "0.4.0": {
                "registries": {
                    "af-south-1": "626614931356",
                    "il-central-1": "780543022126",
                    "ap-east-1": "871362719292",
                    "ap-northeast-1": "763104351884",
                    "ap-northeast-2": "763104351884",
                    "ap-northeast-3": "364406365360",
                    "ap-south-1": "763104351884",
                    "ap-south-2": "772153158452",
                    "ap-southeast-1": "763104351884",
                    "ap-southeast-2": "763104351884",
                    "ap-southeast-3": "907027046896",
                    "ap-southeast-4": "457447274322",
                    "ca-central-1": "763104351884",
                    "eu-central-1": "763104351884",
                    "eu-central-2": "380420809688",
                    "eu-north-1": "763104351884",
                    "eu-west-1": "763104351884",
                    "eu-west-2": "763104351884",
                    "eu-west-3": "763104351884",
                    "eu-south-1": "692866216735",
                    "eu-south-2": "503227376785",
                    "me-south-1": "217643126080",
                    "me-central-1": "914824155844",
                    "sa-east-1": "763104351884",
                    "us-east-1": "763104351884",
                    "us-east-2": "763104351884",
                    "us-gov-east-1": "446045086412",
                    "us-gov-west-1": "442386744353",
                    "us-iso-east-1": "886529160074",
                    "us-isob-east-1": "094389454867",
                    "us-west-1": "763104351884",
                    "us-west-2": "763104351884",
                    "ca-west-1": "204538143572"
                },
                "repository": "autogluon-training",
                "processors": [
                    "cpu",
                    "gpu"
                ],
                "py_versions": [
                    "py38"
                ]
            },
            "0.4.2": {
                "registries": {
                    "af-south-1": "626614931356",
                    "il-central-1": "780543022126",
                    "ap-east-1": "871362719292",
                    "ap-northeast-1": "763104351884",
                    "ap-northeast-2": "763104351884",
                    "ap-northeast-3": "364406365360",
                    "ap-south-1": "763104351884",
                    "ap-south-2": "772153158452",
                    "ap-southeast-1": "763104351884",
                    "ap-southeast-2": "763104351884",
                    "ap-southeast-3": "907027046896",
                    "ap-southeast-4": "457447274322",
                    "ca-central-1": "763104351884",
                    "eu-central-1": "763104351884",
                    "eu-central-2": "380420809688",
                    "eu-north-1": "763104351884",
                    "eu-west-1": "763104351884",
                    "eu-west-2": "763104351884",
                    "eu-west-3": "763104351884",
                    "eu-south-1": "692866216735",
                    "eu-south-2": "503227376785",
                    "me-south-1": "217643126080",
                    "me-central-1": "914824155844",
                    "sa-east-1": "763104351884",
                    "us-east-1": "763104351884",
                    "us-east-2": "763104351884",
                    "us-gov-east-1": "446045086412",
                    "us-gov-west-1": "442386744353",
                    "us-iso-east-1": "886529160074",
                    "us-isob-east-1": "094389454867",
                    "us-west-1": "763104351884",
                    "us-west-2": "763104351884",
                    "ca-west-1": "204538143572"
                },
                "repository": "autogluon-training",
                "processors": [
                    "cpu",
                    "gpu"
                ],
                "py_versions": [
                    "py38"
                ]
            },
            "0.4.3": {
                "registries": {
                    "af-south-1": "626614931356",
                    "il-central-1": "780543022126",
                    "ap-east-1": "871362719292",
                    "ap-northeast-1": "763104351884",
                    "ap-northeast-2": "763104351884",
                    "ap-northeast-3": "364406365360",
                    "ap-south-1": "763104351884",
                    "ap-south-2": "772153158452",
                    "ap-southeast-1": "763104351884",
                    "ap-southeast-2": "763104351884",
                    "ap-southeast-3": "907027046896",
                    "ap-southeast-4": "457447274322",
                    "ca-central-1": "763104351884",
                    "eu-central-1": "763104351884",
                    "eu-central-2": "380420809688",
                    "eu-north-1": "763104351884",
                    "eu-west-1": "763104351884",
                    "eu-west-2": "763104351884",
                    "eu-west-3": "763104351884",
                    "eu-south-1": "692866216735",
                    "eu-south-2": "503227376785",
                    "me-south-1": "217643126080",
                    "me-central-1": "914824155844",
                    "sa-east-1": "763104351884",
                    "us-east-1": "763104351884",
                    "us-east-2": "763104351884",
                    "us-gov-east-1": "446045086412",
                    "us-gov-west-1": "442386744353",
                    "us-iso-east-1": "886529160074",
                    "us-isob-east-1": "094389454867",
                    "us-west-1": "763104351884",
                    "us-west-2": "763104351884",
                    "ca-west-1": "204538143572"
                },
                "repository": "autogluon-training",
                "processors": [
                    "cpu",
                    "gpu"
                ],
                "py_versions": [
                    "py38"
                ]
            },
            "0.5.2": {
                "registries": {
                    "af-south-1": "626614931356",
                    "il-central-1": "780543022126",
                    "ap-east-1": "871362719292",
                    "ap-northeast-1": "763104351884",
                    "ap-northeast-2": "763104351884",
                    "ap-northeast-3": "364406365360",
                    "ap-south-1": "763104351884",
                    "ap-south-2": "772153158452",
                    "ap-southeast-1": "763104351884",
                    "ap-southeast-2": "763104351884",
                    "ap-southeast-3": "907027046896",
                    "ap-southeast-4": "457447274322",
                    "ca-central-1": "763104351884",
                    "eu-central-1": "763104351884",
                    "eu-central-2": "380420809688",
                    "eu-north-1": "763104351884",
                    "eu-west-1": "763104351884",
                    "eu-west-2": "763104351884",
                    "eu-west-3": "763104351884",
                    "eu-south-1": "692866216735",
                    "eu-south-2": "503227376785",
                    "me-south-1": "217643126080",
                    "me-central-1": "914824155844",
                    "sa-east-1": "763104351884",
                    "us-east-1": "763104351884",
                    "us-east-2": "763104351884",
                    "us-gov-east-1": "446045086412",
                    "us-gov-west-1": "442386744353",
                    "us-iso-east-1": "886529160074",
                    "us-isob-east-1": "094389454867",
                    "us-west-1": "763104351884",
                    "us-west-2": "763104351884",
                    "ca-west-1": "204538143572"
                },
                "repository": "autogluon-training",
                "processors": [
                    "cpu",
                    "gpu"
                ],
                "py_versions": [
                    "py38"
                ]
            },
            "0.6.1": {
                "registries": {
                    "af-south-1": "626614931356",
                    "il-central-1": "780543022126",
                    "ap-east-1": "871362719292",
                    "ap-northeast-1": "763104351884",
                    "ap-northeast-2": "763104351884",
                    "ap-northeast-3": "364406365360",
                    "ap-south-1": "763104351884",
                    "ap-southeast-1": "763104351884",
                    "ap-southeast-2": "763104351884",
                    "ap-southeast-3": "907027046896",
                    "ap-southeast-4": "457447274322",
                    "ca-central-1": "763104351884",
                    "eu-central-1": "763104351884",
                    "eu-north-1": "763104351884",
                    "eu-west-1": "763104351884",
                    "eu-west-2": "763104351884",
                    "eu-west-3": "763104351884",
                    "eu-south-1": "692866216735",
                    "me-south-1": "217643126080",
                    "sa-east-1": "763104351884",
                    "us-east-1": "763104351884",
                    "us-east-2": "763104351884",
                    "us-gov-east-1": "446045086412",
                    "us-gov-west-1": "442386744353",
                    "us-iso-east-1": "886529160074",
                    "us-isob-east-1": "094389454867",
                    "us-west-1": "763104351884",
                    "us-west-2": "763104351884",
                    "ca-west-1": "204538143572"
                },
                "repository": "autogluon-training",
                "processors": [
                    "cpu",
                    "gpu"
                ],
                "py_versions": [
                    "py38"
                ]
            },
            "0.6.2": {
                "registries": {
                    "af-south-1": "626614931356",
                    "il-central-1": "780543022126",
                    "ap-east-1": "871362719292",
                    "ap-northeast-1": "763104351884",
                    "ap-northeast-2": "763104351884",
                    "ap-northeast-3": "364406365360",
                    "ap-south-1": "763104351884",
                    "ap-southeast-1": "763104351884",
                    "ap-southeast-2": "763104351884",
                    "ap-southeast-3": "907027046896",
                    "ap-southeast-4": "457447274322",
                    "ca-central-1": "763104351884",
                    "eu-central-1": "763104351884",
                    "eu-north-1": "763104351884",
                    "eu-west-1": "763104351884",
                    "eu-west-2": "763104351884",
                    "eu-west-3": "763104351884",
                    "eu-south-1": "692866216735",
                    "me-south-1": "217643126080",
                    "sa-east-1": "763104351884",
                    "us-east-1": "763104351884",
                    "us-east-2": "763104351884",
                    "us-gov-east-1": "446045086412",
                    "us-gov-west-1": "442386744353",
                    "us-iso-east-1": "886529160074",
                    "us-isob-east-1": "094389454867",
                    "us-west-1": "763104351884",
                    "us-west-2": "763104351884",
                    "ca-west-1": "204538143572"
                },
                "repository": "autogluon-training",
                "processors": [
                    "cpu",
                    "gpu"
                ],
                "py_versions": [
                    "py38"
                ]
            },
            "0.7.0": {
                "registries": {
                    "af-south-1": "626614931356",
                    "il-central-1": "780543022126",
                    "ap-east-1": "871362719292",
                    "ap-northeast-1": "763104351884",
                    "ap-northeast-2": "763104351884",
                    "ap-northeast-3": "364406365360",
                    "ap-south-1": "763104351884",
                    "ap-southeast-1": "763104351884",
                    "ap-southeast-2": "763104351884",
                    "ap-southeast-3": "907027046896",
                    "ap-southeast-4": "457447274322",
                    "ca-central-1": "763104351884",
                    "eu-central-1": "763104351884",
                    "eu-north-1": "763104351884",
                    "eu-west-1": "763104351884",
                    "eu-west-2": "763104351884",
                    "eu-west-3": "763104351884",
                    "eu-south-1": "692866216735",
                    "me-south-1": "217643126080",
                    "sa-east-1": "763104351884",
                    "us-east-1": "763104351884",
                    "us-east-2": "763104351884",
                    "us-gov-east-1": "446045086412",
                    "us-gov-west-1": "442386744353",
                    "us-iso-east-1": "886529160074",
                    "us-isob-east-1": "094389454867",
                    "us-west-1": "763104351884",
                    "us-west-2": "763104351884",
                    "ca-west-1": "204538143572"
                },
                "repository": "autogluon-training",
                "processors": [
                    "cpu",
                    "gpu"
                ],
                "py_versions": [
                    "py39"
                ]
            },
            "0.8.2": {
                "registries": {
                    "af-south-1": "626614931356",
                    "il-central-1": "780543022126",
                    "ap-east-1": "871362719292",
                    "ap-northeast-1": "763104351884",
                    "ap-northeast-2": "763104351884",
                    "ap-northeast-3": "364406365360",
                    "ap-south-1": "763104351884",
                    "ap-southeast-1": "763104351884",
                    "ap-southeast-2": "763104351884",
                    "ap-southeast-3": "907027046896",
                    "ap-southeast-4": "457447274322",
                    "ca-central-1": "763104351884",
                    "eu-central-1": "763104351884",
                    "eu-north-1": "763104351884",
                    "eu-west-1": "763104351884",
                    "eu-west-2": "763104351884",
                    "eu-west-3": "763104351884",
                    "eu-south-1": "692866216735",
                    "me-south-1": "217643126080",
                    "sa-east-1": "763104351884",
                    "us-east-1": "763104351884",
                    "us-east-2": "763104351884",
                    "us-gov-east-1": "446045086412",
                    "us-gov-west-1": "442386744353",
                    "us-iso-east-1": "886529160074",
                    "us-isob-east-1": "094389454867",
                    "us-west-1": "763104351884",
                    "us-west-2": "763104351884",
                    "ca-west-1": "204538143572"
                },
                "repository": "autogluon-training",
                "processors": [
                    "cpu",
                    "gpu"
                ],
                "py_versions": [
                    "py39"
                ]
            },
            "1.0.0": {
                "registries": {
                    "af-south-1": "626614931356",
                    "il-central-1": "780543022126",
                    "ap-east-1": "871362719292",
                    "ap-northeast-1": "763104351884",
                    "ap-northeast-2": "763104351884",
                    "ap-northeast-3": "364406365360",
                    "ap-south-1": "763104351884",
                    "ap-southeast-1": "763104351884",
                    "ap-southeast-2": "763104351884",
                    "ap-southeast-3": "907027046896",
                    "ap-southeast-4": "457447274322",
                    "ca-central-1": "763104351884",
                    "eu-central-1": "763104351884",
                    "eu-north-1": "763104351884",
                    "eu-west-1": "763104351884",
                    "eu-west-2": "763104351884",
                    "eu-west-3": "763104351884",
                    "eu-south-1": "692866216735",
                    "me-south-1": "217643126080",
                    "sa-east-1": "763104351884",
                    "us-east-1": "763104351884",
                    "us-east-2": "763104351884",
                    "us-gov-east-1": "446045086412",
                    "us-gov-west-1": "442386744353",
                    "us-iso-east-1": "886529160074",
                    "us-isob-east-1": "094389454867",
                    "us-west-1": "763104351884",
                    "us-west-2": "763104351884",
                    "ca-west-1": "204538143572"
                },
                "repository": "autogluon-training",
                "processors": [
                    "cpu",
                    "gpu"
                ],
                "py_versions": [
                    "py310"
                ]
            },
            "1.1.0": {
                "registries": {
                    "af-south-1": "626614931356",
                    "il-central-1": "780543022126",
                    "ap-east-1": "871362719292",
                    "ap-northeast-1": "763104351884",
                    "ap-northeast-2": "763104351884",
                    "ap-northeast-3": "364406365360",
                    "ap-south-1": "763104351884",
                    "ap-southeast-1": "763104351884",
                    "ap-southeast-2": "763104351884",
                    "ap-southeast-3": "907027046896",
                    "ap-southeast-4": "457447274322",
                    "ca-central-1": "763104351884",
                    "eu-central-1": "763104351884",
                    "eu-north-1": "763104351884",
                    "eu-west-1": "763104351884",
                    "eu-west-2": "763104351884",
                    "eu-west-3": "763104351884",
                    "eu-south-1": "692866216735",
                    "me-south-1": "217643126080",
                    "sa-east-1": "763104351884",
                    "us-east-1": "763104351884",
                    "us-east-2": "763104351884",
                    "us-gov-east-1": "446045086412",
                    "us-gov-west-1": "442386744353",
                    "us-iso-east-1": "886529160074",
                    "us-isob-east-1": "094389454867",
                    "us-west-1": "763104351884",
                    "us-west-2": "763104351884",
                    "ca-west-1": "204538143572"
                },
                "repository": "autogluon-training",
                "processors": [
                    "cpu",
                    "gpu"
                ],
                "py_versions": [
                    "py310"
                ]
            },
            "1.1.1": {
                "registries": {
                    "af-south-1": "626614931356",
                    "il-central-1": "780543022126",
                    "ap-east-1": "871362719292",
                    "ap-northeast-1": "763104351884",
                    "ap-northeast-2": "763104351884",
                    "ap-northeast-3": "364406365360",
                    "ap-south-1": "763104351884",
                    "ap-southeast-1": "763104351884",
                    "ap-southeast-2": "763104351884",
                    "ap-southeast-3": "907027046896",
                    "ap-southeast-4": "457447274322",
                    "ca-central-1": "763104351884",
                    "eu-central-1": "763104351884",
                    "eu-north-1": "763104351884",
                    "eu-west-1": "763104351884",
                    "eu-west-2": "763104351884",
                    "eu-west-3": "763104351884",
                    "eu-south-1": "692866216735",
                    "me-south-1": "217643126080",
                    "sa-east-1": "763104351884",
                    "us-east-1": "763104351884",
                    "us-east-2": "763104351884",
                    "us-gov-east-1": "446045086412",
                    "us-gov-west-1": "442386744353",
                    "us-iso-east-1": "886529160074",
                    "us-isob-east-1": "094389454867",
                    "us-west-1": "763104351884",
                    "us-west-2": "763104351884",
                    "ca-west-1": "204538143572"
                },
                "repository": "autogluon-training",
                "processors": [
                    "cpu",
                    "gpu"
                ],
                "py_versions": [
                    "py311"
                ]
            },
            "1.2.0": {
                "registries": {
                    "af-south-1": "626614931356",
                    "il-central-1": "780543022126",
                    "ap-east-1": "871362719292",
                    "ap-northeast-1": "763104351884",
                    "ap-northeast-2": "763104351884",
                    "ap-northeast-3": "364406365360",
                    "ap-south-1": "763104351884",
                    "ap-southeast-1": "763104351884",
                    "ap-southeast-2": "763104351884",
                    "ap-southeast-3": "907027046896",
                    "ap-southeast-4": "457447274322",
                    "ca-central-1": "763104351884",
                    "eu-central-1": "763104351884",
                    "eu-north-1": "763104351884",
                    "eu-west-1": "763104351884",
                    "eu-west-2": "763104351884",
                    "eu-west-3": "763104351884",
                    "eu-south-1": "692866216735",
                    "me-south-1": "217643126080",
                    "sa-east-1": "763104351884",
                    "us-east-1": "763104351884",
                    "us-east-2": "763104351884",
                    "us-gov-east-1": "446045086412",
                    "us-gov-west-1": "442386744353",
                    "us-iso-east-1": "886529160074",
                    "us-isob-east-1": "094389454867",
                    "us-west-1": "763104351884",
                    "us-west-2": "763104351884",
                    "ca-west-1": "204538143572"
                },
                "repository": "autogluon-training",
                "processors": [
                    "cpu",
                    "gpu"
                ],
                "py_versions": [
                    "py311"
                ]
            }
        }
    },
    "inference": {
        "version_aliases": {
            "0.3": "0.3.2",
            "0.4": "0.4.3",
            "0.5": "0.5.2",
            "0.6": "0.6.2",
            "0.7": "0.7.0",
            "0.8": "0.8.2",
            "1.0": "1.0.0",
            "1.1": "1.1.1",
            "1.2": "1.2.0"
        },
        "versions": {
            "0.3.1": {
                "registries": {
                    "af-south-1": "626614931356",
                    "il-central-1": "780543022126",
                    "ap-east-1": "871362719292",
                    "ap-northeast-1": "763104351884",
                    "ap-northeast-2": "763104351884",
                    "ap-northeast-3": "364406365360",
                    "ap-south-1": "763104351884",
                    "ap-south-2": "772153158452",
                    "ap-southeast-1": "763104351884",
                    "ap-southeast-2": "763104351884",
                    "ap-southeast-3": "907027046896",
                    "ap-southeast-4": "457447274322",
                    "ca-central-1": "763104351884",
                    "cn-north-1": "727897471807",
                    "cn-northwest-1": "727897471807",
                    "eu-central-1": "763104351884",
                    "eu-central-2": "380420809688",
                    "eu-north-1": "763104351884",
                    "eu-west-1": "763104351884",
                    "eu-west-2": "763104351884",
                    "eu-west-3": "763104351884",
                    "eu-south-1": "692866216735",
                    "eu-south-2": "503227376785",
                    "me-south-1": "217643126080",
                    "me-central-1": "914824155844",
                    "sa-east-1": "763104351884",
                    "us-east-1": "763104351884",
                    "us-east-2": "763104351884",
                    "us-gov-east-1": "446045086412",
                    "us-gov-west-1": "442386744353",
                    "us-iso-east-1": "886529160074",
                    "us-isob-east-1": "094389454867",
                    "us-west-1": "763104351884",
                    "us-west-2": "763104351884",
                    "ca-west-1": "204538143572"
                },
                "repository": "autogluon-inference",
                "processors": [
                    "cpu"
                ],
                "py_versions": [
                    "py37"
                ]
            },
            "0.3.2": {
                "registries": {
                    "af-south-1": "626614931356",
                    "il-central-1": "780543022126",
                    "ap-east-1": "871362719292",
                    "ap-northeast-1": "763104351884",
                    "ap-northeast-2": "763104351884",
                    "ap-northeast-3": "364406365360",
                    "ap-south-1": "763104351884",
                    "ap-south-2": "772153158452",
                    "ap-southeast-1": "763104351884",
                    "ap-southeast-2": "763104351884",
                    "ap-southeast-3": "907027046896",
                    "ap-southeast-4": "457447274322",
                    "ca-central-1": "763104351884",
                    "cn-north-1": "727897471807",
                    "cn-northwest-1": "727897471807",
                    "eu-central-1": "763104351884",
                    "eu-central-2": "380420809688",
                    "eu-north-1": "763104351884",
                    "eu-west-1": "763104351884",
                    "eu-west-2": "763104351884",
                    "eu-west-3": "763104351884",
                    "eu-south-1": "692866216735",
                    "eu-south-2": "503227376785",
                    "me-south-1": "217643126080",
                    "me-central-1": "914824155844",
                    "sa-east-1": "763104351884",
                    "us-east-1": "763104351884",
                    "us-east-2": "763104351884",
                    "us-gov-east-1": "446045086412",
                    "us-gov-west-1": "442386744353",
                    "us-iso-east-1": "886529160074",
                    "us-isob-east-1": "094389454867",
                    "us-west-1": "763104351884",
                    "us-west-2": "763104351884",
                    "ca-west-1": "204538143572"
                },
                "repository": "autogluon-inference",
                "processors": [
                    "cpu"
                ],
                "py_versions": [
                    "py38"
                ]
            },
            "0.4.0": {
                "registries": {
                    "af-south-1": "626614931356",
                    "il-central-1": "780543022126",
                    "ap-east-1": "871362719292",
                    "ap-northeast-1": "763104351884",
                    "ap-northeast-2": "763104351884",
                    "ap-northeast-3": "364406365360",
                    "ap-south-1": "763104351884",
                    "ap-south-2": "772153158452",
                    "ap-southeast-1": "763104351884",
                    "ap-southeast-2": "763104351884",
                    "ap-southeast-3": "907027046896",
                    "ap-southeast-4": "457447274322",
                    "ca-central-1": "763104351884",
                    "cn-north-1": "727897471807",
                    "cn-northwest-1": "727897471807",
                    "eu-central-1": "763104351884",
                    "eu-central-2": "380420809688",
                    "eu-north-1": "763104351884",
                    "eu-west-1": "763104351884",
                    "eu-west-2": "763104351884",
                    "eu-west-3": "763104351884",
                    "eu-south-1": "692866216735",
                    "eu-south-2": "503227376785",
                    "me-south-1": "217643126080",
                    "me-central-1": "914824155844",
                    "sa-east-1": "763104351884",
                    "us-east-1": "763104351884",
                    "us-east-2": "763104351884",
                    "us-gov-east-1": "446045086412",
                    "us-gov-west-1": "442386744353",
                    "us-iso-east-1": "886529160074",
                    "us-isob-east-1": "094389454867",
                    "us-west-1": "763104351884",
                    "us-west-2": "763104351884",
                    "ca-west-1": "204538143572"
                },
                "repository": "autogluon-inference",
                "processors": [
                    "cpu"
                ],
                "py_versions": [
                    "py38"
                ]
            },
            "0.4.2": {
                "registries": {
                    "af-south-1": "626614931356",
                    "il-central-1": "780543022126",
                    "ap-east-1": "871362719292",
                    "ap-northeast-1": "763104351884",
                    "ap-northeast-2": "763104351884",
                    "ap-northeast-3": "364406365360",
                    "ap-south-1": "763104351884",
                    "ap-south-2": "772153158452",
                    "ap-southeast-1": "763104351884",
                    "ap-southeast-2": "763104351884",
                    "ap-southeast-3": "907027046896",
                    "ap-southeast-4": "457447274322",
                    "ca-central-1": "763104351884",
                    "cn-north-1": "727897471807",
                    "cn-northwest-1": "727897471807",
                    "eu-central-1": "763104351884",
                    "eu-central-2": "380420809688",
                    "eu-north-1": "763104351884",
                    "eu-west-1": "763104351884",
                    "eu-west-2": "763104351884",
                    "eu-west-3": "763104351884",
                    "eu-south-1": "692866216735",
                    "eu-south-2": "503227376785",
                    "me-south-1": "217643126080",
                    "me-central-1": "914824155844",
                    "sa-east-1": "763104351884",
                    "us-east-1": "763104351884",
                    "us-east-2": "763104351884",
                    "us-gov-east-1": "446045086412",
                    "us-gov-west-1": "442386744353",
                    "us-iso-east-1": "886529160074",
                    "us-isob-east-1": "094389454867",
                    "us-west-1": "763104351884",
                    "us-west-2": "763104351884",
                    "ca-west-1": "204538143572"
                },
                "repository": "autogluon-inference",
                "processors": [
                    "cpu",
                    "gpu"
                ],
                "py_versions": [
                    "py38"
                ]
            },
            "0.4.3": {
                "registries": {
                    "af-south-1": "626614931356",
                    "il-central-1": "780543022126",
                    "ap-east-1": "871362719292",
                    "ap-northeast-1": "763104351884",
                    "ap-northeast-2": "763104351884",
                    "ap-northeast-3": "364406365360",
                    "ap-south-1": "763104351884",
                    "ap-south-2": "772153158452",
                    "ap-southeast-1": "763104351884",
                    "ap-southeast-2": "763104351884",
                    "ap-southeast-3": "907027046896",
                    "ap-southeast-4": "457447274322",
                    "ca-central-1": "763104351884",
                    "cn-north-1": "727897471807",
                    "cn-northwest-1": "727897471807",
                    "eu-central-1": "763104351884",
                    "eu-central-2": "380420809688",
                    "eu-north-1": "763104351884",
                    "eu-west-1": "763104351884",
                    "eu-west-2": "763104351884",
                    "eu-west-3": "763104351884",
                    "eu-south-1": "692866216735",
                    "eu-south-2": "503227376785",
                    "me-south-1": "217643126080",
                    "me-central-1": "914824155844",
                    "sa-east-1": "763104351884",
                    "us-east-1": "763104351884",
                    "us-east-2": "763104351884",
                    "us-gov-east-1": "446045086412",
                    "us-gov-west-1": "442386744353",
                    "us-iso-east-1": "886529160074",
                    "us-isob-east-1": "094389454867",
                    "us-west-1": "763104351884",
                    "us-west-2": "763104351884",
                    "ca-west-1": "204538143572"
                },
                "repository": "autogluon-inference",
                "processors": [
                    "cpu",
                    "gpu"
                ],
                "py_versions": [
                    "py38"
                ]
            },
            "0.5.2": {
                "registries": {
                    "af-south-1": "626614931356",
                    "il-central-1": "780543022126",
                    "ap-east-1": "871362719292",
                    "ap-northeast-1": "763104351884",
                    "ap-northeast-2": "763104351884",
                    "ap-northeast-3": "364406365360",
                    "ap-south-1": "763104351884",
                    "ap-south-2": "772153158452",
                    "ap-southeast-1": "763104351884",
                    "ap-southeast-2": "763104351884",
                    "ap-southeast-3": "907027046896",
                    "ap-southeast-4": "457447274322",
                    "ca-central-1": "763104351884",
                    "cn-north-1": "727897471807",
                    "cn-northwest-1": "727897471807",
                    "eu-central-1": "763104351884",
                    "eu-central-2": "380420809688",
                    "eu-north-1": "763104351884",
                    "eu-west-1": "763104351884",
                    "eu-west-2": "763104351884",
                    "eu-west-3": "763104351884",
                    "eu-south-1": "692866216735",
                    "eu-south-2": "503227376785",
                    "me-south-1": "217643126080",
                    "me-central-1": "914824155844",
                    "sa-east-1": "763104351884",
                    "us-east-1": "763104351884",
                    "us-east-2": "763104351884",
                    "us-gov-east-1": "446045086412",
                    "us-gov-west-1": "442386744353",
                    "us-iso-east-1": "886529160074",
                    "us-isob-east-1": "094389454867",
                    "us-west-1": "763104351884",
                    "us-west-2": "763104351884",
                    "ca-west-1": "204538143572"
                },
                "repository": "autogluon-inference",
                "processors": [
                    "cpu",
                    "gpu"
                ],
                "py_versions": [
                    "py38"
                ]
            },
            "0.6.1": {
                "registries": {
                    "af-south-1": "626614931356",
                    "il-central-1": "780543022126",
                    "ap-east-1": "871362719292",
                    "ap-northeast-1": "763104351884",
                    "ap-northeast-2": "763104351884",
                    "ap-northeast-3": "364406365360",
                    "ap-south-1": "763104351884",
                    "ap-southeast-1": "763104351884",
                    "ap-southeast-2": "763104351884",
                    "ap-southeast-3": "907027046896",
                    "ap-southeast-4": "457447274322",
                    "ca-central-1": "763104351884",
                    "cn-north-1": "727897471807",
                    "cn-northwest-1": "727897471807",
                    "eu-central-1": "763104351884",
                    "eu-north-1": "763104351884",
                    "eu-west-1": "763104351884",
                    "eu-west-2": "763104351884",
                    "eu-west-3": "763104351884",
                    "eu-south-1": "692866216735",
                    "me-south-1": "217643126080",
                    "sa-east-1": "763104351884",
                    "us-east-1": "763104351884",
                    "us-east-2": "763104351884",
                    "us-gov-east-1": "446045086412",
                    "us-gov-west-1": "442386744353",
                    "us-iso-east-1": "886529160074",
                    "us-isob-east-1": "094389454867",
                    "us-west-1": "763104351884",
                    "us-west-2": "763104351884",
                    "ca-west-1": "204538143572"
                },
                "repository": "autogluon-inference",
                "processors": [
                    "cpu",
                    "gpu"
                ],
                "py_versions": [
                    "py38"
                ]
            },
            "0.6.2": {
                "registries": {
                    "af-south-1": "626614931356",
                    "il-central-1": "780543022126",
                    "ap-east-1": "871362719292",
                    "ap-northeast-1": "763104351884",
                    "ap-northeast-2": "763104351884",
                    "ap-northeast-3": "364406365360",
                    "ap-south-1": "763104351884",
                    "ap-southeast-1": "763104351884",
                    "ap-southeast-2": "763104351884",
                    "ap-southeast-3": "907027046896",
                    "ap-southeast-4": "457447274322",
                    "ca-central-1": "763104351884",
                    "cn-north-1": "727897471807",
                    "cn-northwest-1": "727897471807",
                    "eu-central-1": "763104351884",
                    "eu-north-1": "763104351884",
                    "eu-west-1": "763104351884",
                    "eu-west-2": "763104351884",
                    "eu-west-3": "763104351884",
                    "eu-south-1": "692866216735",
                    "me-south-1": "217643126080",
                    "sa-east-1": "763104351884",
                    "us-east-1": "763104351884",
                    "us-east-2": "763104351884",
                    "us-gov-east-1": "446045086412",
                    "us-gov-west-1": "442386744353",
                    "us-iso-east-1": "886529160074",
                    "us-isob-east-1": "094389454867",
                    "us-west-1": "763104351884",
                    "us-west-2": "763104351884",
                    "ca-west-1": "204538143572"
                },
                "repository": "autogluon-inference",
                "processors": [
                    "cpu",
                    "gpu"
                ],
                "py_versions": [
                    "py38"
                ]
            },
            "0.7.0": {
                "registries": {
                    "af-south-1": "626614931356",
                    "il-central-1": "780543022126",
                    "ap-east-1": "871362719292",
                    "ap-northeast-1": "763104351884",
                    "ap-northeast-2": "763104351884",
                    "ap-northeast-3": "364406365360",
                    "ap-south-1": "763104351884",
                    "ap-southeast-1": "763104351884",
                    "ap-southeast-2": "763104351884",
                    "ap-southeast-3": "907027046896",
                    "ap-southeast-4": "457447274322",
                    "ca-central-1": "763104351884",
                    "cn-north-1": "727897471807",
                    "cn-northwest-1": "727897471807",
                    "eu-central-1": "763104351884",
                    "eu-north-1": "763104351884",
                    "eu-west-1": "763104351884",
                    "eu-west-2": "763104351884",
                    "eu-west-3": "763104351884",
                    "eu-south-1": "692866216735",
                    "me-south-1": "217643126080",
                    "sa-east-1": "763104351884",
                    "us-east-1": "763104351884",
                    "us-east-2": "763104351884",
                    "us-gov-east-1": "446045086412",
                    "us-gov-west-1": "442386744353",
                    "us-iso-east-1": "886529160074",
                    "us-isob-east-1": "094389454867",
                    "us-west-1": "763104351884",
                    "us-west-2": "763104351884",
                    "ca-west-1": "204538143572"
                },
                "repository": "autogluon-inference",
                "processors": [
                    "cpu",
                    "gpu"
                ],
                "py_versions": [
                    "py39"
                ]
            },
            "0.8.2": {
                "registries": {
                    "af-south-1": "626614931356",
                    "il-central-1": "780543022126",
                    "ap-east-1": "871362719292",
                    "ap-northeast-1": "763104351884",
                    "ap-northeast-2": "763104351884",
                    "ap-northeast-3": "364406365360",
                    "ap-south-1": "763104351884",
                    "ap-southeast-1": "763104351884",
                    "ap-southeast-2": "763104351884",
                    "ap-southeast-3": "907027046896",
                    "ap-southeast-4": "457447274322",
                    "ca-central-1": "763104351884",
                    "cn-north-1": "727897471807",
                    "cn-northwest-1": "727897471807",
                    "eu-central-1": "763104351884",
                    "eu-north-1": "763104351884",
                    "eu-west-1": "763104351884",
                    "eu-west-2": "763104351884",
                    "eu-west-3": "763104351884",
                    "eu-south-1": "692866216735",
                    "me-south-1": "217643126080",
                    "sa-east-1": "763104351884",
                    "us-east-1": "763104351884",
                    "us-east-2": "763104351884",
                    "us-gov-east-1": "446045086412",
                    "us-gov-west-1": "442386744353",
                    "us-iso-east-1": "886529160074",
                    "us-isob-east-1": "094389454867",
                    "us-west-1": "763104351884",
                    "us-west-2": "763104351884",
                    "ca-west-1": "204538143572"
                },
                "repository": "autogluon-inference",
                "processors": [
                    "cpu",
                    "gpu"
                ],
                "py_versions": [
                    "py39"
                ]
            },
            "1.0.0": {
                "registries": {
                    "af-south-1": "626614931356",
                    "il-central-1": "780543022126",
                    "ap-east-1": "871362719292",
                    "ap-northeast-1": "763104351884",
                    "ap-northeast-2": "763104351884",
                    "ap-northeast-3": "364406365360",
                    "ap-south-1": "763104351884",
                    "ap-southeast-1": "763104351884",
                    "ap-southeast-2": "763104351884",
                    "ap-southeast-3": "907027046896",
                    "ap-southeast-4": "457447274322",
                    "ca-central-1": "763104351884",
                    "cn-north-1": "727897471807",
                    "cn-northwest-1": "727897471807",
                    "eu-central-1": "763104351884",
                    "eu-north-1": "763104351884",
                    "eu-west-1": "763104351884",
                    "eu-west-2": "763104351884",
                    "eu-west-3": "763104351884",
                    "eu-south-1": "692866216735",
                    "me-south-1": "217643126080",
                    "sa-east-1": "763104351884",
                    "us-east-1": "763104351884",
                    "us-east-2": "763104351884",
                    "us-gov-east-1": "446045086412",
                    "us-gov-west-1": "442386744353",
                    "us-iso-east-1": "886529160074",
                    "us-isob-east-1": "094389454867",
                    "us-west-1": "763104351884",
                    "us-west-2": "763104351884",
                    "ca-west-1": "204538143572"
                },
                "repository": "autogluon-inference",
                "processors": [
                    "cpu",
                    "gpu"
                ],
                "py_versions": [
                    "py310"
                ]
            },
            "1.1.0": {
                "registries": {
                    "af-south-1": "626614931356",
                    "il-central-1": "780543022126",
                    "ap-east-1": "871362719292",
                    "ap-northeast-1": "763104351884",
                    "ap-northeast-2": "763104351884",
                    "ap-northeast-3": "364406365360",
                    "ap-south-1": "763104351884",
                    "ap-southeast-1": "763104351884",
                    "ap-southeast-2": "763104351884",
                    "ap-southeast-3": "907027046896",
                    "ap-southeast-4": "457447274322",
                    "ca-central-1": "763104351884",
                    "cn-north-1": "727897471807",
                    "cn-northwest-1": "727897471807",
                    "eu-central-1": "763104351884",
                    "eu-north-1": "763104351884",
                    "eu-west-1": "763104351884",
                    "eu-west-2": "763104351884",
                    "eu-west-3": "763104351884",
                    "eu-south-1": "692866216735",
                    "me-south-1": "217643126080",
                    "sa-east-1": "763104351884",
                    "us-east-1": "763104351884",
                    "us-east-2": "763104351884",
                    "us-gov-east-1": "446045086412",
                    "us-gov-west-1": "442386744353",
                    "us-iso-east-1": "886529160074",
                    "us-isob-east-1": "094389454867",
                    "us-west-1": "763104351884",
                    "us-west-2": "763104351884",
                    "ca-west-1": "204538143572"
                },
                "repository": "autogluon-inference",
                "processors": [
                    "cpu",
                    "gpu"
                ],
                "py_versions": [
                    "py310"
                ]
            },
            "1.1.1": {
                "registries": {
                    "af-south-1": "626614931356",
                    "il-central-1": "780543022126",
                    "ap-east-1": "871362719292",
                    "ap-northeast-1": "763104351884",
                    "ap-northeast-2": "763104351884",
                    "ap-northeast-3": "364406365360",
                    "ap-south-1": "763104351884",
                    "ap-southeast-1": "763104351884",
                    "ap-southeast-2": "763104351884",
                    "ap-southeast-3": "907027046896",
                    "ap-southeast-4": "457447274322",
                    "ca-central-1": "763104351884",
                    "cn-north-1": "727897471807",
                    "cn-northwest-1": "727897471807",
                    "eu-central-1": "763104351884",
                    "eu-north-1": "763104351884",
                    "eu-west-1": "763104351884",
                    "eu-west-2": "763104351884",
                    "eu-west-3": "763104351884",
                    "eu-south-1": "692866216735",
                    "me-south-1": "217643126080",
                    "sa-east-1": "763104351884",
                    "us-east-1": "763104351884",
                    "us-east-2": "763104351884",
                    "us-gov-east-1": "446045086412",
                    "us-gov-west-1": "442386744353",
                    "us-iso-east-1": "886529160074",
                    "us-isob-east-1": "094389454867",
                    "us-west-1": "763104351884",
                    "us-west-2": "763104351884",
                    "ca-west-1": "204538143572"
                },
                "repository": "autogluon-inference",
                "processors": [
                    "cpu",
                    "gpu"
                ],
                "py_versions": [
                    "py311"
                ]
            },
            "1.2.0": {
                "registries": {
                    "af-south-1": "626614931356",
                    "il-central-1": "780543022126",
                    "ap-east-1": "871362719292",
                    "ap-northeast-1": "763104351884",
                    "ap-northeast-2": "763104351884",
                    "ap-northeast-3": "364406365360",
                    "ap-south-1": "763104351884",
                    "ap-southeast-1": "763104351884",
                    "ap-southeast-2": "763104351884",
                    "ap-southeast-3": "907027046896",
                    "ap-southeast-4": "457447274322",
                    "ca-central-1": "763104351884",
                    "cn-north-1": "727897471807",
                    "cn-northwest-1": "727897471807",
                    "eu-central-1": "763104351884",
                    "eu-north-1": "763104351884",
                    "eu-west-1": "763104351884",
                    "eu-west-2": "763104351884",
                    "eu-west-3": "763104351884",
                    "eu-south-1": "692866216735",
                    "me-south-1": "217643126080",
                    "sa-east-1": "763104351884",
                    "us-east-1": "763104351884",
                    "us-east-2": "763104351884",
                    "us-gov-east-1": "446045086412",
                    "us-gov-west-1": "442386744353",
                    "us-iso-east-1": "886529160074",
                    "us-isob-east-1": "094389454867",
                    "us-west-1": "763104351884",
                    "us-west-2": "763104351884",
                    "ca-west-1": "204538143572"
                },
                "repository": "autogluon-inference",
                "processors": [
                    "cpu",
                    "gpu"
                ],
                "py_versions": [
                    "py311"
                ]
            }
        }
    }
}